url_length,num_dots,num_hyphens,num_underscores,num_special_chars,num_digits,has_ip,domain_length,num_subdomains,has_https,domain_age_days,is_phishing
76,5,9,3,16,23,0,53,2,1,15,1
27,1,0,0,7,1,0,12,0,1,1942,0
77,3,5,2,36,6,0,47,2,0,10,1
33,1,0,0,7,3,0,13,0,1,1762,0
192,6,3,1,34,7,0,39,4,1,12,1
140,3,3,1,33,16,0,55,4,0,15,1
25,2,0,0,5,3,0,10,1,1,2331,0
145,5,7,3,22,9,0,30,3,1,24,1
30,2,0,0,7,0,0,9,1,1,5094,0
95,6,11,3,26,18,0,34,3,1,7,1
34,2,0,0,4,0,0,12,1,1,4706,0
158,6,3,1,38,8,1,43,4,0,5,1
195,3,6,2,25,14,1,36,2,1,58,1
39,2,0,0,6,2,0,11,0,1,2813,0
41,1,0,0,5,1,0,11,1,1,4438,0
25,1,0,0,5,3,0,11,0,1,1157,0
37,2,0,0,7,0,0,13,0,1,418,0
25,1,0,0,7,3,0,10,1,1,4521,0
72,6,3,4,33,20,0,26,3,0,23,1
135,3,4,4,24,22,0,65,4,0,56,1
35,1,0,0,5,0,0,9,1,1,414,0
190,7,8,3,39,7,1,69,5,0,7,1
180,5,7,2,37,8,1,37,3,0,35,1
64,5,10,3,37,12,0,51,3,0,49,1
91,4,6,3,21,6,0,37,3,1,8,1
42,1,0,0,3,1,0,13,0,1,498,0
82,7,6,3,18,7,1,79,2,0,25,1
26,1,0,0,4,3,0,10,0,1,5582,0
33,2,0,0,7,0,0,12,1,1,894,0
32,2,0,0,3,1,0,11,0,1,6950,0
31,2,0,0,7,3,0,9,1,1,4374,0
42,1,0,0,6,1,0,11,1,1,3983,0
37,2,0,0,6,1,0,12,0,1,3316,0
34,1,0,0,3,3,0,11,1,1,5958,0
196,4,4,2,17,18,0,75,2,1,34,1
39,1,0,0,7,1,0,11,1,1,2904,0
133,3,7,3,31,22,1,51,4,0,21,1
128,3,3,1,29,8,0,76,3,1,5,1
193,4,6,2,32,21,1,40,4,1,50,1
26,2,0,0,5,3,0,13,1,1,2504,0
30,1,0,0,6,3,0,8,1,1,4529,0
194,7,7,4,15,21,0,55,2,1,58,1
29,1,0,0,6,3,0,11,0,1,1160,0
32,1,0,0,7,0,0,10,0,1,5585,0
108,6,7,2,31,17,0,48,5,0,59,1
26,2,0,0,7,3,0,10,1,1,3724,0
26,1,0,0,7,0,0,13,0,1,5327,0
37,1,0,0,7,3,0,12,1,1,1056,0
28,2,0,0,4,1,0,11,1,1,6849,0
100,3,6,4,33,11,0,69,5,0,23,1
106,4,4,2,17,12,1,36,3,0,27,1
33,2,0,0,7,1,0,17,0,1,2005,0
186,4,11,4,27,15,0,75,5,0,15,1
26,1,0,0,5,2,0,10,1,1,1615,0
27,2,0,0,6,2,0,13,1,1,5038,0
60,6,11,1,19,19,1,69,5,0,44,1
115,3,5,4,15,20,0,47,2,1,48,1
179,3,8,2,17,5,1,46,4,0,7,1
80,7,7,2,23,7,0,35,2,0,54,1
25,1,0,0,6,1,0,11,1,1,1597,0
67,3,8,3,24,17,0,27,2,0,9,1
41,1,0,0,4,0,0,11,0,1,1780,0
169,7,10,1,28,20,0,58,4,0,4,1
84,3,7,3,36,22,0,47,2,1,20,1
125,3,6,4,25,11,1,50,3,0,37,1
192,4,10,1,29,7,0,25,4,0,6,1
41,2,0,0,5,3,0,10,0,1,3562,0
183,6,10,3,26,24,1,41,4,0,6,1
33,1,0,0,4,0,0,8,0,1,875,0
90,6,4,3,20,14,0,32,3,1,40,1
78,5,10,4,17,24,1,47,4,1,43,1
27,1,0,0,4,1,0,10,0,1,5102,0
139,4,4,4,31,11,0,34,2,0,18,1
130,6,4,4,20,13,1,70,5,1,34,1
23,1,0,0,7,0,0,10,1,1,6075,0
39,1,0,0,3,1,0,11,1,1,3656,0
64,6,7,2,36,9,0,68,3,0,12,1
32,2,0,0,3,3,0,13,0,1,1401,0
31,1,0,0,3,0,0,11,1,1,2872,0
143,6,6,3,31,12,1,50,5,0,28,1
28,1,0,0,3,1,0,11,1,1,5418,0
27,1,0,0,4,3,0,11,1,1,2260,0
181,7,7,4,24,14,0,50,4,0,17,1
148,7,10,1,35,18,1,51,5,1,29,1
64,4,5,1,18,14,1,77,4,0,19,1
76,3,8,1,22,11,0,63,3,0,8,1
72,4,7,4,30,15,0,30,3,0,29,1
34,2,0,0,4,3,0,10,0,1,6664,0
32,1,0,0,7,0,0,12,1,1,4225,0
169,6,9,3,32,6,1,57,2,1,19,1
103,6,9,3,27,19,0,30,4,0,39,1
129,3,6,4,18,9,1,42,4,0,32,1
25,2,0,0,5,0,0,11,0,1,5153,0
24,1,0,0,6,0,0,11,1,1,6209,0
183,7,9,1,28,14,0,53,4,0,7,1
182,7,8,1,36,5,0,77,3,0,44,1
43,2,0,0,7,0,0,13,1,1,5895,0
137,5,9,1,24,13,0,34,4,0,16,1
62,6,6,4,24,13,0,41,2,1,13,1
144,7,5,2,27,13,0,25,3,0,27,1
45,2,0,0,5,2,0,13,1,1,4583,0
24,1,0,0,3,2,0,11,0,1,2247,0
37,2,0,0,6,3,0,9,1,1,3178,0
155,5,4,2,32,19,1,43,3,1,58,1
26,1,0,0,6,1,0,9,0,1,1828,0
28,1,0,0,6,2,0,10,0,1,603,0
34,1,0,0,6,3,0,11,1,1,4117,0
29,1,0,0,5,1,0,13,1,1,6515,0
44,1,0,0,7,0,0,13,1,1,3796,0
37,2,0,0,7,2,0,12,0,1,1311,0
39,2,0,0,5,0,0,17,1,1,6701,0
104,7,9,3,29,7,1,74,3,0,45,1
168,4,8,4,35,5,0,65,5,1,50,1
173,4,4,1,27,16,0,63,2,0,20,1
28,1,0,0,5,2,0,13,0,1,4091,0
34,2,0,0,4,3,0,11,0,1,6975,0
61,7,3,4,21,18,0,41,5,1,50,1
36,1,0,0,3,2,0,11,0,1,1203,0
34,2,0,0,7,0,0,13,0,1,5381,0
86,7,11,3,19,6,0,33,4,0,35,1
154,3,5,2,19,17,0,25,2,0,57,1
173,7,8,2,28,12,0,68,2,0,51,1
84,6,11,3,21,19,0,64,3,0,50,1
37,1,0,0,7,2,0,11,0,1,2746,0
39,2,0,0,5,2,0,10,0,1,2720,0
178,4,11,1,22,21,0,40,3,0,56,1
30,2,0,0,3,2,0,11,1,1,5911,0
35,2,0,0,7,3,0,10,0,1,2439,0
88,5,6,1,31,6,1,29,3,1,38,1
30,2,0,0,7,3,0,10,1,1,5732,0
93,6,6,1,26,6,0,72,5,0,30,1
135,5,10,4,28,22,1,54,2,0,43,1
35,1,0,0,4,0,0,17,1,1,3139,0
35,2,0,0,6,3,0,17,1,1,2188,0
31,1,0,0,3,1,0,11,1,1,1932,0
73,4,8,3,24,21,0,28,4,1,8,1
195,7,5,2,36,10,1,60,5,1,16,1
80,7,8,2,37,9,0,54,3,1,51,1
195,5,5,2,23,7,1,60,4,0,15,1
110,4,11,4,20,7,0,67,2,0,45,1
71,7,3,2,18,12,0,39,3,1,54,1
40,1,0,0,3,0,0,11,1,1,2478,0
75,7,5,3,17,15,0,77,5,0,19,1
27,2,0,0,5,2,0,12,0,1,3923,0
118,4,7,4,26,5,0,73,2,0,53,1
25,2,0,0,6,2,0,10,0,1,3499,0
36,1,0,0,4,1,0,8,1,1,4903,0
160,4,3,4,24,12,1,26,4,0,21,1
26,1,0,0,6,0,0,11,1,1,2397,0
29,2,0,0,6,1,0,10,1,1,1694,0
102,4,5,1,39,18,1,65,4,0,16,1
40,2,0,0,5,3,0,10,0,1,2925,0
28,2,0,0,4,1,0,11,1,1,2714,0
90,3,3,2,21,20,1,71,3,0,42,1
27,1,0,0,3,3,0,10,1,1,4388,0
37,2,0,0,5,3,0,12,0,1,5491,0
29,1,0,0,5,2,0,11,1,1,3032,0
152,6,9,4,20,7,0,66,3,1,46,1
29,2,0,0,5,0,0,13,0,1,2589,0
194,4,9,3,39,9,1,25,4,0,17,1
43,1,0,0,7,3,0,12,0,1,3642,0
41,1,0,0,3,1,0,13,0,1,1966,0
25,2,0,0,4,2,0,11,0,1,5489,0
177,4,5,3,29,10,0,61,5,1,25,1
85,5,9,2,33,12,0,28,2,0,36,1
72,4,8,1,36,24,0,29,2,1,2,1
111,3,9,1,35,10,0,49,5,0,12,1
67,5,11,3,19,24,0,56,3,0,58,1
44,2,0,0,7,0,0,13,0,1,5780,0
149,6,8,4,23,13,0,52,2,0,8,1
172,6,3,3,24,7,1,42,2,0,58,1
42,2,0,0,4,0,0,13,1,1,1706,0
108,3,5,1,36,24,0,40,5,1,58,1
91,5,7,4,15,23,0,40,4,0,9,1
36,2,0,0,4,0,0,10,1,1,3202,0
122,6,7,2,33,22,1,67,2,0,2,1
36,1,0,0,3,3,0,12,1,1,1289,0
113,4,5,1,19,22,0,77,3,0,14,1
37,2,0,0,3,1,0,12,1,1,3926,0
60,7,8,3,24,16,1,58,5,0,21,1
146,6,7,1,27,21,0,76,3,0,49,1
41,1,0,0,7,1,0,9,0,1,6292,0
187,3,3,3,35,5,1,72,5,0,58,1
154,3,7,1,28,18,0,72,4,1,26,1
26,1,0,0,7,0,0,13,1,1,3494,0
37,2,0,0,5,3,0,13,1,1,3971,0
101,5,9,2,39,18,0,28,3,0,10,1
123,6,9,4,31,10,0,78,3,0,43,1
76,6,11,1,22,20,1,57,2,0,40,1
120,5,8,2,31,9,0,71,2,0,49,1
31,1,0,0,7,0,0,17,0,1,6563,0
36,1,0,0,7,0,0,17,0,1,2188,0
150,7,7,4,26,18,0,50,5,0,0,1
43,1,0,0,7,1,0,13,1,1,3886,0
29,2,0,0,7,2,0,11,1,1,6260,0
39,1,0,0,4,0,0,10,1,1,5738,0
64,3,3,2,22,11,0,50,2,1,6,1
32,2,0,0,6,2,0,13,0,1,4479,0
26,2,0,0,5,0,0,11,0,1,5893,0
178,7,6,2,23,22,1,39,2,1,1,1
150,6,3,1,26,15,0,45,3,0,2,1
26,1,0,0,3,2,0,11,0,1,2363,0
37,2,0,0,5,3,0,10,1,1,2553,0
32,1,0,0,4,1,0,10,0,1,3432,0
36,2,0,0,7,1,0,11,1,1,666,0
37,1,0,0,7,1,0,9,0,1,2997,0
179,5,6,2,25,10,1,57,4,0,17,1
135,7,11,4,20,7,1,78,5,0,19,1
123,4,4,3,15,20,0,59,3,1,29,1
38,2,0,0,5,2,0,13,1,1,6280,0
199,3,11,1,33,21,0,68,5,1,48,1
38,1,0,0,6,3,0,11,0,1,4830,0
28,1,0,0,3,2,0,10,0,1,1804,0
39,1,0,0,7,1,0,10,1,1,3860,0
39,1,0,0,4,1,0,13,0,1,1379,0
135,3,11,1,37,16,0,59,4,0,2,1
107,7,3,3,19,11,1,61,2,0,25,1
33,1,0,0,5,2,0,12,1,1,5160,0
35,2,0,0,4,0,0,10,0,1,4923,0
103,4,6,1,22,5,1,63,4,0,44,1
44,2,0,0,5,1,0,13,0,1,7193,0
34,2,0,0,6,3,0,11,0,1,4642,0
41,1,0,0,3,2,0,17,0,1,2249,0
83,6,9,1,30,17,0,50,3,0,45,1
103,7,11,1,21,5,1,50,5,0,21,1
66,3,8,4,35,21,0,59,2,1,51,1
21,2,0,0,6,0,0,8,0,1,840,0
36,2,0,0,7,0,0,11,0,1,5633,0
65,6,10,1,29,14,0,56,3,0,8,1
27,2,0,0,6,1,0,13,1,1,6229,0
85,4,4,4,23,16,1,48,2,0,45,1
37,2,0,0,3,2,0,8,0,1,4472,0
93,7,5,1,22,7,0,72,3,0,14,1
63,3,8,1,29,18,0,29,5,0,17,1
132,5,6,1,24,7,0,64,2,0,51,1
32,2,0,0,3,3,0,13,1,1,2073,0
139,3,9,1,39,17,0,27,5,0,25,1
40,1,0,0,6,1,0,10,0,1,2175,0
152,6,4,3,38,24,0,42,4,0,37,1
40,2,0,0,7,1,0,13,0,1,1875,0
40,2,0,0,6,0,0,9,0,1,5043,0
100,5,8,2,29,21,0,45,5,0,49,1
33,1,0,0,6,1,0,10,0,1,6498,0
40,1,0,0,7,1,0,13,0,1,4928,0
64,7,7,1,36,8,1,46,3,0,11,1
41,1,0,0,7,3,0,10,1,1,4909,0
34,1,0,0,7,0,0,10,0,1,6063,0
98,4,7,4,39,23,1,28,3,1,41,1
40,1,0,0,7,2,0,10,1,1,692,0
160,6,4,3,31,21,0,44,3,0,33,1
115,6,9,3,22,11,0,53,3,0,4,1
37,2,0,0,3,3,0,11,1,1,4179,0
160,7,4,3,26,6,0,76,5,1,37,1
25,2,0,0,4,0,0,10,0,1,5403,0
118,4,10,4,36,20,1,44,4,1,2,1
159,6,6,4,34,22,0,65,3,0,20,1
27,1,0,0,7,2,0,13,0,1,722,0
28,2,0,0,7,3,0,13,1,1,857,0
66,5,5,3,26,13,0,71,2,0,9,1
111,6,7,1,33,19,0,77,3,1,52,1
25,1,0,0,5,1,0,11,0,1,3139,0
165,7,6,3,35,20,1,39,4,0,42,1
22,1,0,0,5,1,0,9,1,1,5537,0
113,4,8,4,20,24,0,72,3,0,6,1
171,6,8,2,35,16,0,63,5,1,6,1
146,3,5,2,17,6,0,41,5,1,14,1
36,1,0,0,5,3,0,8,0,1,1911,0
38,1,0,0,5,2,0,12,0,1,562,0
38,1,0,0,3,1,0,8,0,1,2964,0
86,5,6,1,35,21,1,34,4,0,31,1
65,3,5,3,29,7,0,53,5,1,11,1
97,4,11,1,33,13,1,56,3,0,29,1
33,1,0,0,6,3,0,17,1,1,7022,0
196,7,7,2,23,17,0,31,3,0,5,1
187,5,9,1,38,13,1,35,4,0,0,1
96,7,6,2,33,22,1,32,4,0,48,1
30,2,0,0,3,1,0,11,0,1,5878,0
27,2,0,0,5,3,0,11,0,1,5200,0
102,4,3,1,32,17,1,48,2,0,37,1
28,2,0,0,6,2,0,11,1,1,4562,0
68,4,3,3,24,9,0,47,2,1,12,1
121,4,4,4,23,5,0,47,4,1,1,1
24,2,0,0,7,0,0,9,1,1,3152,0
148,4,7,3,16,11,1,71,2,0,36,1
112,4,9,4,24,19,0,36,5,0,11,1
45,1,0,0,6,2,0,13,0,1,1531,0
28,2,0,0,6,3,0,11,1,1,7040,0
69,5,9,1,27,16,0,50,4,0,28,1
23,2,0,0,7,0,0,10,1,1,3452,0
24,1,0,0,3,0,0,11,0,1,4963,0
162,4,8,3,20,22,0,64,5,1,39,1
182,3,5,3,18,17,0,73,4,1,46,1
88,4,7,1,37,22,1,67,3,0,29,1
93,6,6,4,29,22,0,46,5,0,39,1
40,1,0,0,3,1,0,12,0,1,4258,0
41,2,0,0,5,2,0,11,1,1,4430,0
40,2,0,0,4,1,0,10,1,1,3599,0
107,4,7,3,38,10,0,45,3,0,11,1
103,5,5,2,24,13,0,59,2,1,45,1
27,1,0,0,7,1,0,9,1,1,6256,0
33,1,0,0,7,3,0,9,0,1,5093,0
33,1,0,0,6,2,0,10,0,1,5901,0
191,6,4,4,30,6,1,26,5,0,59,1
149,5,8,3,23,16,0,28,2,0,27,1
32,1,0,0,6,0,0,17,1,1,829,0
190,5,11,4,36,19,0,70,5,0,36,1
132,3,6,1,31,21,0,44,3,1,56,1
98,4,5,2,20,13,0,27,2,0,48,1
35,1,0,0,6,1,0,12,0,1,1608,0
35,2,0,0,4,2,0,11,0,1,2001,0
174,6,9,1,16,12,0,59,3,1,20,1
91,6,9,4,39,17,0,48,5,0,47,1
169,3,3,3,39,6,1,44,4,1,36,1
25,1,0,0,3,0,0,11,1,1,6509,0
176,7,3,2,19,19,1,57,4,0,42,1
39,1,0,0,3,3,0,13,1,1,383,0
112,6,3,3,29,24,0,42,5,0,49,1
68,5,8,1,30,19,0,44,2,1,9,1
192,7,9,4,32,10,0,37,3,0,10,1
104,6,10,2,25,6,1,55,2,1,6,1
42,2,0,0,5,3,0,10,1,1,5957,0
95,7,9,2,38,14,0,70,3,0,22,1
26,2,0,0,7,2,0,13,0,1,6736,0
26,2,0,0,4,3,0,10,1,1,6842,0
38,1,0,0,6,0,0,10,1,1,3252,0
43,2,0,0,4,3,0,11,1,1,1975,0
140,7,9,1,32,19,1,68,2,0,22,1
37,1,0,0,6,2,0,12,1,1,1606,0
72,6,8,1,17,20,1,63,4,1,31,1
29,2,0,0,7,1,0,10,1,1,2743,0
35,1,0,0,3,1,0,10,1,1,6489,0
33,1,0,0,3,2,0,10,1,1,4888,0
193,5,3,3,32,23,0,48,5,0,28,1
38,1,0,0,3,2,0,9,1,1,5989,0
36,2,0,0,7,2,0,12,0,1,2724,0
111,6,3,2,31,7,1,48,3,1,19,1
24,1,0,0,7,3,0,11,1,1,6914,0
40,1,0,0,3,2,0,10,0,1,5568,0
140,4,10,3,24,21,0,53,3,1,16,1
89,4,5,1,34,8,1,25,3,1,53,1
109,4,7,2,26,24,0,70,4,0,51,1
27,1,0,0,4,3,0,13,1,1,4755,0
77,5,10,1,25,20,0,72,2,1,13,1
39,1,0,0,5,3,0,10,0,1,4129,0
26,1,0,0,7,0,0,10,0,1,2297,0
191,4,11,3,29,23,0,43,2,0,55,1
36,1,0,0,5,3,0,9,1,1,5133,0
84,5,4,4,34,7,0,61,5,0,27,1
174,4,10,1,17,9,1,48,4,0,32,1
36,2,0,0,6,1,0,13,0,1,3880,0
34,2,0,0,6,3,0,10,1,1,3300,0
27,2,0,0,6,2,0,12,0,1,2866,0
90,3,7,4,34,15,0,74,4,1,14,1
107,4,10,3,25,24,1,76,3,0,12,1
39,1,0,0,7,3,0,10,1,1,6692,0
43,2,0,0,7,2,0,11,0,1,1104,0
143,5,9,4,22,12,0,34,3,0,15,1
73,6,6,3,37,12,0,33,5,0,16,1
95,7,4,1,15,17,0,56,3,0,30,1
191,4,7,1,39,9,1,50,2,0,53,1
36,2,0,0,6,3,0,10,0,1,5011,0
23,1,0,0,3,2,0,10,1,1,6610,0
30,2,0,0,6,2,0,13,1,1,6444,0
37,1,0,0,5,2,0,10,0,1,4040,0
34,2,0,0,3,0,0,17,1,1,2766,0
31,2,0,0,5,3,0,13,0,1,6008,0
167,4,7,4,20,9,1,30,3,0,37,1
31,1,0,0,6,2,0,11,1,1,4805,0
60,5,5,3,18,7,0,27,2,0,17,1
37,2,0,0,7,3,0,11,1,1,1127,0
184,3,8,3,21,24,0,47,5,0,17,1
166,6,6,2,22,23,1,43,5,0,16,1
29,2,0,0,7,1,0,10,0,1,2659,0
141,5,4,1,15,15,0,78,4,0,20,1
172,5,3,2,17,9,1,66,3,0,47,1
144,7,9,3,31,22,0,44,3,1,57,1
34,1,0,0,3,0,0,11,1,1,2039,0
141,4,5,2,38,15,0,58,4,0,9,1
195,5,11,4,18,23,0,73,3,0,35,1
129,7,10,1,25,6,1,60,4,0,50,1
108,4,5,1,31,11,0,51,5,1,25,1
43,1,0,0,6,1,0,11,1,1,4684,0
35,1,0,0,4,0,0,12,1,1,6810,0
165,6,10,4,20,10,0,79,4,0,45,1
124,5,6,1,22,21,0,39,3,0,38,1
44,1,0,0,6,0,0,13,0,1,4843,0
28,2,0,0,3,2,0,12,1,1,958,0
136,3,6,3,39,13,0,55,2,1,12,1
43,2,0,0,6,0,0,11,0,1,523,0
68,7,3,3,39,22,0,70,2,1,39,1
107,6,11,4,28,21,0,37,2,0,47,1
170,4,10,3,17,10,0,45,2,0,26,1
32,1,0,0,4,0,0,11,1,1,1259,0
38,1,0,0,6,0,0,10,1,1,2212,0
32,2,0,0,4,3,0,10,0,1,5911,0
36,1,0,0,4,0,0,12,0,1,3621,0
64,6,5,1,38,22,0,34,5,1,20,1
80,6,8,4,34,8,0,46,3,1,51,1
24,2,0,0,7,2,0,10,1,1,5810,0
34,1,0,0,3,1,0,11,1,1,6833,0
31,1,0,0,5,1,0,9,0,1,4243,0
34,2,0,0,7,1,0,11,0,1,7072,0
28,2,0,0,4,1,0,10,0,1,857,0
39,2,0,0,3,1,0,11,1,1,2183,0
32,2,0,0,3,3,0,10,0,1,879,0
193,4,8,2,38,22,0,32,5,0,54,1
176,4,6,2,16,10,0,39,5,0,36,1
36,2,0,0,6,2,0,8,1,1,601,0
74,5,3,4,28,22,0,60,3,1,14,1
199,3,8,4,27,16,0,31,2,0,18,1
25,2,0,0,6,3,0,8,0,1,1743,0
40,1,0,0,4,1,0,11,0,1,2969,0
109,4,9,3,27,15,0,78,4,1,49,1
35,1,0,0,7,1,0,10,1,1,2528,0
28,1,0,0,7,2,0,12,1,1,7030,0
161,4,3,4,35,8,1,26,3,0,14,1
27,2,0,0,7,0,0,11,1,1,659,0
26,1,0,0,3,3,0,10,0,1,1608,0
38,1,0,0,5,3,0,10,0,1,7208,0
193,6,5,3,22,22,0,75,5,0,20,1
29,1,0,0,6,2,0,11,0,1,2353,0
25,2,0,0,4,1,0,10,1,1,4213,0
146,5,8,3,27,16,0,77,4,1,16,1
29,2,0,0,4,2,0,10,1,1,6834,0
139,5,4,4,19,15,1,59,4,1,21,1
79,6,4,3,31,23,0,51,3,0,3,1
144,5,11,3,35,17,1,78,5,0,53,1
186,3,3,3,28,24,1,53,2,0,48,1
66,5,3,1,30,19,0,75,5,0,15,1
125,5,10,3,20,24,0,32,3,1,33,1
27,2,0,0,4,3,0,11,1,1,591,0
126,3,5,2,33,13,1,61,3,0,52,1
193,6,7,4,30,22,0,59,4,1,20,1
33,1,0,0,4,0,0,12,0,1,5584,0
158,7,6,2,19,18,0,63,5,0,52,1
136,3,7,1,19,11,0,71,3,0,6,1
74,7,6,4,24,10,0,74,3,0,17,1
37,2,0,0,7,3,0,11,1,1,2645,0
24,2,0,0,5,1,0,10,1,1,443,0
170,3,6,3,37,9,0,41,2,0,57,1
29,1,0,0,6,2,0,11,0,1,6645,0
25,1,0,0,6,3,0,12,1,1,3827,0
75,4,4,1,32,12,0,39,5,1,43,1
43,2,0,0,4,0,0,17,1,1,2417,0
167,7,4,4,34,8,0,39,3,0,2,1
41,2,0,0,4,3,0,11,1,1,1376,0
41,1,0,0,5,1,0,10,1,1,4899,0
175,7,3,3,20,17,1,39,5,0,45,1
36,2,0,0,4,1,0,9,0,1,2924,0
63,4,5,3,37,20,0,43,5,0,18,1
31,2,0,0,3,3,0,11,0,1,2837,0
115,5,9,3,31,8,0,40,2,1,10,1
33,2,0,0,5,1,0,13,0,1,1134,0
76,6,11,2,18,13,0,72,4,1,30,1
111,3,6,3,21,15,1,45,5,0,1,1
84,7,10,1,21,11,0,41,4,0,48,1
37,1,0,0,7,2,0,11,1,1,6799,0
77,3,10,3,37,11,0,63,4,0,43,1
131,7,3,2,21,20,0,39,5,1,57,1
49,2,0,0,3,3,0,17,0,1,1219,0
26,2,0,0,4,3,0,13,0,1,6718,0
24,1,0,0,4,2,0,10,1,1,6272,0
39,1,0,0,6,3,0,11,0,1,614,0
169,3,4,3,15,5,1,28,5,0,26,1
40,1,0,0,7,2,0,11,0,1,4351,0
39,2,0,0,6,1,0,12,0,1,6023,0
44,2,0,0,7,3,0,12,0,1,6685,0
35,1,0,0,7,3,0,12,0,1,2258,0
40,1,0,0,5,3,0,11,1,1,6237,0
35,1,0,0,6,0,0,10,1,1,1864,0
37,2,0,0,6,2,0,13,0,1,2339,0
30,1,0,0,6,2,0,8,0,1,4022,0
30,1,0,0,6,0,0,10,0,1,3668,0
135,3,4,1,18,24,0,72,4,1,28,1
87,3,11,3,20,21,0,36,3,0,36,1
32,2,0,0,7,2,0,17,1,1,1503,0
34,2,0,0,4,3,0,17,0,1,6429,0
36,1,0,0,6,3,0,10,0,1,4716,0
39,1,0,0,5,3,0,11,1,1,2047,0
80,4,4,1,28,12,0,39,5,0,0,1
88,4,4,2,16,7,1,32,4,0,3,1
95,7,7,3,22,11,0,46,4,0,29,1
39,2,0,0,5,0,0,12,1,1,6086,0
23,2,0,0,3,3,0,8,0,1,3355,0
150,3,8,2,32,18,0,49,5,0,14,1
127,4,6,1,23,23,1,29,2,1,15,1
42,1,0,0,5,2,0,11,1,1,2837,0
30,1,0,0,6,3,0,17,0,1,7021,0
38,1,0,0,6,1,0,10,0,1,2605,0
39,2,0,0,4,0,0,13,1,1,2859,0
177,5,5,4,24,23,0,25,5,0,37,1
41,1,0,0,5,0,0,10,1,1,2544,0
190,3,5,2,28,7,1,43,5,0,56,1
26,2,0,0,4,3,0,13,1,1,3345,0
36,1,0,0,6,2,0,11,1,1,6070,0
33,2,0,0,4,0,0,10,0,1,5760,0
165,7,6,3,20,13,0,61,4,1,1,1
33,1,0,0,6,3,0,11,0,1,5972,0
70,5,6,1,23,10,1,79,5,0,46,1
38,2,0,0,7,2,0,11,0,1,3327,0
125,7,4,2,39,16,0,66,5,0,11,1
35,2,0,0,5,0,0,12,0,1,3535,0
34,2,0,0,4,2,0,11,0,1,3218,0
96,6,5,2,30,10,0,40,5,1,41,1
174,5,9,3,27,23,0,50,2,0,12,1
78,7,10,3,23,17,1,65,3,0,6,1
199,3,7,3,24,7,0,76,2,0,0,1
42,1,0,0,4,2,0,12,0,1,7148,0
95,5,5,4,33,6,1,78,5,0,4,1
147,5,8,3,24,13,1,33,5,1,0,1
27,2,0,0,7,1,0,11,0,1,459,0
31,2,0,0,4,1,0,10,0,1,2499,0
34,1,0,0,7,2,0,9,0,1,3132,0
179,3,3,1,16,17,0,48,4,0,22,1
114,6,7,4,36,22,0,64,4,0,10,1
72,3,9,2,35,15,0,71,5,0,10,1
42,2,0,0,3,3,0,13,1,1,4889,0
39,2,0,0,6,3,0,10,1,1,1353,0
65,7,4,3,23,10,0,33,5,1,39,1
181,3,5,2,20,23,0,32,2,0,20,1
175,4,6,2,17,23,0,27,5,0,43,1
30,1,0,0,5,3,0,17,1,1,2054,0
157,3,10,2,31,22,0,79,2,1,57,1
26,2,0,0,3,1,0,10,1,1,2618,0
42,1,0,0,5,2,0,17,0,1,3354,0
31,1,0,0,4,1,0,11,0,1,5100,0
40,1,0,0,3,2,0,13,1,1,6142,0
28,2,0,0,7,2,0,11,1,1,6224,0
36,1,0,0,4,0,0,17,1,1,5134,0
116,6,9,1,24,8,1,35,4,0,15,1
88,3,6,3,38,18,0,66,2,1,17,1
163,4,3,4,31,7,0,72,5,1,38,1
34,2,0,0,5,2,0,10,0,1,756,0
35,2,0,0,7,2,0,10,1,1,2500,0
32,2,0,0,4,3,0,13,1,1,1496,0
70,6,8,4,27,8,0,49,5,1,21,1
155,4,3,4,35,20,0,60,5,0,31,1
41,2,0,0,4,3,0,12,1,1,2442,0
27,1,0,0,5,3,0,10,1,1,4022,0
190,5,11,1,29,23,1,43,4,0,20,1
25,1,0,0,7,3,0,11,0,1,5206,0
123,3,11,2,17,17,0,26,5,1,50,1
82,6,8,3,18,19,0,25,4,0,11,1
98,5,6,4,15,17,0,48,2,1,54,1
87,6,6,4,32,7,0,63,3,0,15,1
29,2,0,0,3,1,0,8,1,1,661,0
41,1,0,0,7,0,0,12,1,1,4765,0
108,7,10,3,29,17,0,49,2,1,34,1
141,4,7,2,20,8,0,38,3,0,16,1
175,6,6,3,19,15,0,26,5,0,59,1
30,1,0,0,3,3,0,9,0,1,2606,0
42,1,0,0,3,3,0,10,1,1,1810,0
24,1,0,0,3,1,0,9,1,1,1298,0
76,5,8,3,38,9,0,49,5,1,23,1
33,2,0,0,7,3,0,10,0,1,6143,0
191,4,5,1,32,22,0,26,2,0,14,1
178,3,3,1,35,12,1,34,4,1,50,1
118,6,10,3,21,22,0,58,4,0,33,1
42,1,0,0,6,3,0,10,0,1,3321,0
136,4,7,3,26,23,0,48,2,0,1,1
39,2,0,0,6,2,0,10,0,1,4954,0
87,6,8,3,34,8,1,65,2,0,50,1
39,1,0,0,6,3,0,12,0,1,2154,0
35,2,0,0,3,3,0,9,1,1,6183,0
34,1,0,0,3,3,0,10,0,1,2745,0
126,6,6,3,30,15,0,47,4,1,6,1
91,6,4,1,30,7,0,33,3,0,36,1
37,1,0,0,7,2,0,10,0,1,1885,0
153,5,9,3,36,20,0,48,3,0,7,1
25,2,0,0,6,2,0,9,1,1,7270,0
145,5,10,3,16,20,0,39,4,1,12,1
75,6,10,2,20,16,0,28,5,0,29,1
90,6,9,3,30,20,1,38,5,1,27,1
144,5,11,3,23,21,0,37,4,0,42,1
26,1,0,0,6,0,0,11,1,1,6414,0
161,3,10,4,15,11,0,45,5,1,20,1
29,2,0,0,5,3,0,11,0,1,3816,0
63,5,3,2,35,15,0,69,4,0,25,1
158,3,10,2,33,17,0,50,3,1,27,1
174,6,10,2,34,18,1,56,5,0,15,1
114,3,10,3,18,23,0,61,2,1,0,1
178,6,3,1,32,19,0,53,2,0,58,1
67,4,3,2,29,19,0,64,4,1,34,1
34,1,0,0,7,3,0,11,0,1,2717,0
36,2,0,0,4,2,0,12,0,1,2071,0
39,1,0,0,3,0,0,10,1,1,6971,0
175,5,4,2,26,20,0,26,5,0,27,1
171,6,3,1,19,9,0,37,5,0,56,1
39,2,0,0,7,1,0,11,1,1,5322,0
30,2,0,0,5,2,0,10,0,1,7102,0
127,3,7,1,39,12,1,54,3,0,59,1
30,2,0,0,7,1,0,8,0,1,3033,0
107,6,9,2,19,24,1,30,5,0,21,1
194,3,11,3,27,11,0,73,2,0,33,1
147,3,7,1,34,13,0,45,2,1,37,1
34,2,0,0,4,2,0,11,0,1,6129,0
182,7,11,3,35,19,0,29,3,0,58,1
115,4,6,3,20,22,1,65,4,1,17,1
42,2,0,0,5,2,0,10,0,1,5026,0
36,2,0,0,3,2,0,13,1,1,6118,0
42,2,0,0,7,2,0,10,1,1,614,0
30,2,0,0,6,3,0,8,1,1,1952,0
40,1,0,0,7,1,0,11,0,1,4542,0
145,7,3,4,36,10,1,40,4,1,22,1
141,5,4,1,31,20,0,64,4,0,7,1
99,6,11,3,28,24,0,34,4,1,48,1
178,4,8,4,29,11,0,34,3,1,38,1
97,6,3,1,22,12,0,67,3,0,46,1
23,1,0,0,7,1,0,10,0,1,7097,0
170,5,8,2,17,23,0,35,2,0,59,1
62,4,5,3,26,20,0,37,5,1,9,1
28,1,0,0,5,2,0,13,1,1,2429,0
38,1,0,0,7,1,0,11,0,1,2623,0
73,6,10,1,36,22,0,67,5,0,52,1
115,3,10,4,29,8,1,40,3,1,22,1
186,7,10,1,23,23,0,45,2,0,22,1
127,7,11,4,26,9,0,57,5,0,4,1
93,7,5,3,15,7,0,39,3,0,51,1
43,1,0,0,6,3,0,13,0,1,701,0
29,2,0,0,3,3,0,11,0,1,5238,0
140,3,5,2,37,17,1,65,5,0,15,1
158,4,11,3,31,23,0,57,2,0,36,1
26,1,0,0,7,3,0,9,1,1,6384,0
34,1,0,0,6,1,0,11,0,1,1917,0
174,6,9,1,33,12,0,67,3,0,0,1
161,6,10,1,29,18,0,42,3,0,0,1
90,7,7,1,23,6,0,79,4,0,13,1
138,5,4,4,37,12,0,71,2,0,23,1
33,1,0,0,3,3,0,13,0,1,3812,0
85,7,6,4,16,19,0,51,4,0,30,1
40,1,0,0,7,3,0,11,0,1,1415,0
107,4,4,4,20,11,1,30,4,1,29,1
28,1,0,0,3,3,0,12,1,1,5416,0
126,6,9,2,38,6,0,35,5,0,42,1
39,2,0,0,4,3,0,13,1,1,6442,0
44,1,0,0,5,0,0,13,1,1,631,0
104,7,4,2,20,16,0,79,3,1,20,1
69,4,4,4,15,19,0,59,3,0,20,1
24,2,0,0,7,0,0,10,0,1,819,0
186,3,6,3,23,20,1,47,4,1,56,1
157,5,11,2,18,20,0,62,5,1,8,1
36,2,0,0,4,2,0,11,0,1,4496,0
31,1,0,0,3,3,0,17,0,1,3017,0
68,7,3,3,15,21,1,69,5,1,30,1
88,5,7,2,26,17,0,73,5,0,5,1
189,4,4,3,20,9,0,72,3,0,33,1
30,1,0,0,7,2,0,13,0,1,1381,0
30,2,0,0,3,1,0,17,0,1,7081,0
147,7,5,3,35,23,0,69,5,1,17,1
93,6,7,1,22,12,0,45,5,0,17,1
199,7,10,4,17,17,1,26,2,0,40,1
165,5,3,2,38,24,1,69,3,1,26,1
184,6,3,1,38,17,1,71,5,1,16,1
136,7,3,1,26,23,0,32,2,1,40,1
185,3,3,4,32,11,1,74,5,0,51,1
28,2,0,0,5,0,0,11,0,1,5084,0
84,7,5,1,25,13,0,66,4,0,13,1
197,7,11,3,19,18,1,62,2,0,17,1
33,2,0,0,4,2,0,12,0,1,2361,0
36,1,0,0,5,1,0,17,0,1,5367,0
36,1,0,0,6,0,0,13,0,1,3173,0
26,2,0,0,3,3,0,10,0,1,3353,0
113,4,3,4,24,15,0,47,4,0,6,1
28,1,0,0,6,0,0,12,1,1,4588,0
193,7,6,2,32,16,1,78,3,0,39,1
96,5,5,1,16,5,0,43,2,0,59,1
33,1,0,0,7,2,0,9,0,1,3279,0
133,3,5,2,37,7,0,35,3,0,54,1
35,1,0,0,3,3,0,10,1,1,1186,0
27,1,0,0,7,0,0,10,0,1,5758,0
26,2,0,0,7,0,0,10,1,1,4010,0
87,6,6,3,15,16,0,71,2,1,43,1
27,1,0,0,6,1,0,11,1,1,3051,0
44,1,0,0,7,2,0,13,1,1,5740,0
28,2,0,0,7,1,0,11,0,1,4035,0
36,2,0,0,3,2,0,10,1,1,3311,0
75,3,11,4,38,10,0,63,2,0,56,1
30,2,0,0,4,1,0,11,1,1,4603,0
40,1,0,0,4,1,0,11,0,1,755,0
155,5,4,1,35,7,0,31,2,1,17,1
70,7,4,2,28,11,0,60,4,1,57,1
82,7,11,2,16,20,0,37,4,0,30,1
28,2,0,0,6,1,0,10,1,1,6103,0
167,3,6,1,35,7,0,34,4,1,41,1
196,5,10,4,17,21,1,26,4,0,57,1
158,3,6,1,30,13,0,55,5,0,22,1
168,6,5,2,18,22,0,61,4,0,37,1
174,7,10,1,38,9,0,79,2,1,13,1
71,7,8,2,26,24,0,62,4,1,55,1
199,5,10,1,19,9,0,27,2,1,57,1
26,2,0,0,7,1,0,10,1,1,2032,0
31,2,0,0,6,1,0,13,0,1,5470,0
37,2,0,0,6,1,0,10,1,1,3055,0
126,4,9,1,34,16,0,35,2,1,4,1
164,4,9,1,30,21,0,47,3,0,32,1
64,7,4,4,39,9,0,76,3,0,22,1
48,1,0,0,3,1,0,17,0,1,5891,0
111,5,8,4,28,16,0,34,5,0,17,1
30,2,0,0,5,0,0,9,1,1,809,0
44,1,0,0,6,3,0,13,0,1,4536,0
150,4,3,1,28,5,0,35,4,0,40,1
187,6,9,3,31,13,0,69,5,0,54,1
40,1,0,0,4,1,0,12,1,1,3580,0
172,3,5,2,18,21,1,36,2,0,54,1
25,2,0,0,4,0,0,10,1,1,6219,0
62,5,7,4,28,7,1,67,2,1,41,1
38,2,0,0,3,2,0,12,1,1,6374,0
39,1,0,0,5,3,0,12,1,1,5220,0
41,2,0,0,7,0,0,10,0,1,5969,0
26,1,0,0,7,0,0,11,0,1,5174,0
38,2,0,0,4,1,0,11,0,1,3225,0
69,6,8,1,32,9,0,50,2,0,7,1
34,1,0,0,7,1,0,11,1,1,6425,0
40,1,0,0,3,2,0,10,1,1,1192,0
31,1,0,0,7,1,0,11,1,1,6784,0
39,2,0,0,5,3,0,11,0,1,1256,0
164,5,6,4,16,18,1,58,3,1,53,1
24,2,0,0,5,2,0,9,0,1,7121,0
26,1,0,0,7,0,0,12,1,1,3344,0
146,6,8,4,39,21,1,26,2,1,25,1
24,2,0,0,4,3,0,11,0,1,366,0
150,3,6,2,30,5,0,35,5,0,17,1
45,1,0,0,6,0,0,13,1,1,3951,0
100,7,6,4,30,13,0,27,2,1,49,1
83,3,10,2,16,16,0,26,2,0,34,1
32,1,0,0,6,2,0,10,1,1,2840,0
37,1,0,0,3,1,0,8,1,1,6728,0
35,1,0,0,5,0,0,11,0,1,4506,0
39,2,0,0,5,1,0,12,0,1,3818,0
37,2,0,0,5,2,0,13,1,1,4895,0
40,2,0,0,5,2,0,13,1,1,4285,0
28,1,0,0,6,2,0,8,0,1,3126,0
35,1,0,0,7,0,0,10,0,1,853,0
21,2,0,0,5,2,0,8,1,1,5807,0
116,4,11,1,23,7,0,34,2,0,24,1
43,2,0,0,5,3,0,13,0,1,2731,0
90,4,6,2,33,17,1,56,3,0,35,1
90,7,10,4,39,10,1,58,4,1,55,1
33,2,0,0,4,0,0,8,1,1,3895,0
32,2,0,0,4,2,0,10,1,1,1308,0
40,2,0,0,5,1,0,11,0,1,4654,0
104,6,7,1,21,10,0,63,3,0,36,1
26,2,0,0,6,0,0,11,1,1,706,0
23,2,0,0,6,1,0,8,0,1,2508,0
34,1,0,0,5,1,0,10,0,1,1410,0
35,2,0,0,5,0,0,11,0,1,647,0
26,2,0,0,3,0,0,11,1,1,4392,0
31,2,0,0,4,2,0,11,0,1,4553,0
130,5,3,1,34,19,0,74,3,0,10,1
179,5,4,1,16,24,1,26,3,1,56,1
80,6,10,4,18,9,1,75,4,1,14,1
160,5,4,2,22,8,1,71,5,0,22,1
187,7,9,3,32,18,0,38,2,0,57,1
30,1,0,0,6,1,0,10,1,1,6682,0
130,4,4,4,28,18,0,53,2,0,16,1
41,2,0,0,7,2,0,10,0,1,1697,0
101,3,9,1,24,14,1,75,2,0,27,1
103,6,7,1,30,21,0,55,4,0,26,1
25,2,0,0,3,3,0,11,0,1,866,0
172,7,10,1,37,15,1,58,2,1,37,1
196,6,4,1,36,12,1,31,3,0,26,1
34,2,0,0,6,2,0,11,0,1,739,0
38,1,0,0,4,3,0,17,1,1,6117,0
155,7,10,3,20,16,1,72,2,0,21,1
117,3,8,2,30,22,0,30,4,0,47,1
114,6,6,4,27,6,0,79,5,1,50,1
114,6,11,1,33,13,1,34,3,0,56,1
123,4,9,4,15,8,1,63,3,0,22,1
34,1,0,0,7,1,0,10,0,1,2587,0
199,4,3,4,22,22,0,68,2,0,25,1
46,2,0,0,5,3,0,17,1,1,2161,0
76,6,4,4,27,21,0,51,4,0,33,1
149,6,10,1,29,20,0,61,4,1,30,1
73,6,6,1,30,20,0,76,2,0,49,1
32,2,0,0,6,2,0,8,0,1,2290,0
26,2,0,0,6,3,0,8,0,1,2375,0
193,4,5,4,33,6,1,78,2,0,48,1
60,6,11,1,17,8,0,33,3,1,49,1
38,1,0,0,5,1,0,13,0,1,994,0
42,1,0,0,6,3,0,12,0,1,4253,0
22,1,0,0,3,0,0,8,0,1,5625,0
36,2,0,0,3,0,0,11,1,1,6471,0
22,1,0,0,7,0,0,9,1,1,5108,0
37,1,0,0,6,3,0,10,0,1,1178,0
42,1,0,0,4,2,0,10,1,1,750,0
117,3,11,2,18,21,0,48,3,1,13,1
26,1,0,0,6,3,0,10,1,1,6316,0
44,1,0,0,5,2,0,13,0,1,1869,0
97,5,6,1,30,16,1,51,2,0,55,1
41,2,0,0,4,3,0,10,0,1,6295,0
148,4,3,4,28,12,0,40,5,1,39,1
70,6,11,3,38,6,0,53,2,1,18,1
39,2,0,0,7,2,0,8,1,1,2703,0
197,5,4,2,21,13,0,47,4,0,2,1
32,2,0,0,4,2,0,17,0,1,4905,0
36,1,0,0,6,3,0,10,1,1,4639,0
31,1,0,0,6,3,0,11,1,1,3413,0
124,4,9,4,21,12,1,69,3,0,20,1
172,5,6,4,30,8,0,41,2,1,54,1
33,1,0,0,4,0,0,11,0,1,5773,0
38,1,0,0,3,0,0,13,1,1,5439,0
128,6,10,1,39,23,0,45,3,0,7,1
26,2,0,0,4,3,0,10,1,1,904,0
38,1,0,0,5,2,0,10,0,1,6603,0
170,6,8,4,30,16,1,36,5,0,15,1
27,1,0,0,5,3,0,9,1,1,1691,0
42,2,0,0,4,1,0,11,1,1,6796,0
99,3,9,4,28,20,0,36,2,0,22,1
38,2,0,0,6,3,0,10,1,1,6674,0
36,1,0,0,7,1,0,11,0,1,2012,0
186,3,4,2,17,14,0,51,5,1,39,1
38,1,0,0,4,0,0,13,1,1,5162,0
193,7,4,4,18,17,0,40,2,0,0,1
42,2,0,0,6,2,0,17,1,1,6542,0
198,7,4,2,24,20,0,54,4,1,46,1
176,7,4,3,16,18,0,35,3,1,1,1
148,3,7,3,20,9,0,74,5,0,8,1
60,5,4,2,32,5,0,63,4,0,22,1
118,6,3,3,17,9,1,49,2,0,28,1
193,7,6,4,16,12,0,73,4,0,21,1
136,4,8,2,19,10,0,72,2,0,29,1
43,1,0,0,5,3,0,11,0,1,5613,0
170,3,4,3,28,20,0,39,4,0,41,1
43,2,0,0,7,3,0,13,0,1,7146,0
38,2,0,0,4,3,0,13,1,1,2321,0
27,2,0,0,4,3,0,13,1,1,1865,0
139,4,3,2,21,14,0,33,3,1,8,1
179,4,11,2,18,19,0,29,4,0,6,1
41,2,0,0,5,0,0,11,0,1,2408,0
24,2,0,0,4,2,0,10,0,1,3722,0
109,3,7,1,22,11,0,60,3,0,13,1
30,1,0,0,6,3,0,11,1,1,3826,0
43,2,0,0,7,3,0,11,1,1,525,0
40,2,0,0,3,2,0,13,0,1,7101,0
31,1,0,0,7,2,0,10,1,1,1111,0
26,1,0,0,4,3,0,10,1,1,2649,0
41,1,0,0,7,1,0,10,1,1,5142,0
139,6,6,3,39,15,1,60,3,1,16,1
27,1,0,0,3,2,0,11,0,1,6460,0
182,4,6,3,26,11,1,70,3,1,4,1
24,1,0,0,6,2,0,10,1,1,6263,0
35,2,0,0,7,1,0,11,0,1,6872,0
129,6,5,3,30,21,0,75,5,0,34,1
26,1,0,0,7,2,0,12,0,1,2762,0
36,1,0,0,5,0,0,10,0,1,5839,0
31,1,0,0,3,1,0,8,1,1,2624,0
36,2,0,0,3,1,0,13,1,1,1889,0
167,4,11,4,28,13,0,49,3,0,12,1
171,3,6,1,38,6,0,57,3,1,11,1
33,1,0,0,7,1,0,10,1,1,1679,0
80,6,10,3,17,7,0,61,5,1,34,1
25,2,0,0,5,1,0,8,0,1,5967,0
33,1,0,0,7,1,0,10,0,1,2081,0
45,1,0,0,6,0,0,13,0,1,1470,0
23,1,0,0,4,2,0,10,1,1,3686,0
66,3,5,2,26,7,1,34,2,1,51,1
147,7,6,3,26,17,0,40,3,1,47,1
36,1,0,0,4,1,0,11,0,1,4858,0
31,2,0,0,5,3,0,11,1,1,1676,0
88,4,3,1,38,17,0,67,5,0,59,1
33,1,0,0,6,2,0,10,1,1,3261,0
40,2,0,0,4,2,0,11,0,1,6149,0
34,2,0,0,5,1,0,10,1,1,3967,0
184,7,5,2,15,8,0,73,5,0,33,1
111,4,5,4,33,17,0,71,5,0,2,1
41,2,0,0,7,3,0,11,0,1,5621,0
29,2,0,0,3,3,0,10,0,1,5595,0
179,7,6,2,24,22,1,32,2,0,37,1
39,2,0,0,6,0,0,12,0,1,5710,0
81,7,11,3,19,11,1,48,2,0,4,1
41,2,0,0,5,2,0,13,1,1,4028,0
160,5,8,2,17,10,0,29,2,0,18,1
152,3,6,1,35,21,1,74,4,1,19,1
192,7,7,2,16,10,0,28,5,0,24,1
32,1,0,0,6,3,0,11,0,1,3008,0
38,2,0,0,6,0,0,9,1,1,5478,0
36,1,0,0,7,1,0,10,1,1,6928,0
38,1,0,0,4,2,0,11,1,1,6372,0
37,2,0,0,4,3,0,11,1,1,5559,0
81,3,6,2,22,9,0,69,3,1,39,1
101,6,10,4,31,24,0,68,5,0,4,1
107,7,4,4,24,14,1,74,2,1,2,1
81,7,7,1,24,22,0,40,3,1,29,1
100,7,10,4,28,5,0,61,2,0,56,1
30,1,0,0,3,2,0,10,0,1,2551,0
142,6,6,2,30,23,0,28,3,0,45,1
34,1,0,0,5,2,0,11,0,1,7046,0
170,4,5,3,34,14,0,44,4,1,22,1
43,1,0,0,5,2,0,13,1,1,3855,0
27,2,0,0,4,3,0,9,1,1,3879,0
169,6,11,3,26,18,1,74,5,0,57,1
119,6,6,1,37,17,0,49,2,0,14,1
25,2,0,0,4,1,0,10,1,1,5681,0
26,2,0,0,5,3,0,10,1,1,5334,0
43,1,0,0,4,2,0,11,0,1,1429,0
155,3,7,2,30,14,0,57,4,0,33,1
39,1,0,0,6,3,0,13,0,1,5556,0
140,4,5,3,25,19,0,47,4,1,17,1
43,1,0,0,5,3,0,11,1,1,2061,0
27,1,0,0,7,2,0,11,0,1,5155,0
30,1,0,0,3,2,0,9,1,1,2350,0
121,4,9,4,37,17,0,54,2,0,51,1
99,5,10,1,24,6,0,73,4,1,27,1
27,1,0,0,6,0,0,10,1,1,3303,0
26,2,0,0,5,2,0,9,0,1,3535,0
157,5,10,2,39,7,1,36,3,0,7,1
170,4,5,3,18,15,0,36,4,1,23,1
41,2,0,0,4,0,0,12,0,1,2661,0
139,6,10,3,32,6,0,69,3,0,5,1
153,6,7,3,34,16,0,35,5,0,49,1
187,4,4,3,18,21,0,46,5,1,23,1
152,3,9,1,36,6,0,31,3,0,54,1
149,5,10,1,17,11,1,28,2,1,19,1
136,6,7,1,35,12,1,39,5,0,54,1
26,1,0,0,5,3,0,11,1,1,5932,0
41,1,0,0,4,3,0,10,0,1,5462,0
47,2,0,0,4,3,0,17,1,1,1472,0
100,5,3,2,29,18,0,72,5,0,56,1
65,5,7,1,32,7,0,58,4,1,40,1
138,7,3,1,17,19,0,39,3,0,38,1
146,4,10,1,21,16,0,40,3,0,27,1
162,4,3,4,39,19,0,42,3,0,12,1
43,1,0,0,5,2,0,11,1,1,1319,0
43,1,0,0,6,2,0,13,1,1,5332,0
43,2,0,0,5,3,0,13,1,1,3638,0
177,4,6,1,30,5,1,40,2,0,37,1
24,2,0,0,3,2,0,10,1,1,6830,0
27,2,0,0,7,3,0,10,0,1,5946,0
34,2,0,0,3,3,0,8,0,1,4227,0
194,5,3,2,28,6,0,32,3,1,20,1
81,4,8,1,17,6,0,75,4,0,42,1
100,4,11,3,28,15,0,48,3,0,45,1
78,3,6,1,22,23,1,26,4,0,44,1
193,6,6,3,17,12,0,76,4,0,36,1
37,1,0,0,5,2,0,10,1,1,3710,0
41,1,0,0,6,3,0,10,0,1,5778,0
29,1,0,0,6,1,0,11,0,1,4859,0
81,6,3,4,28,6,0,35,5,0,37,1
30,2,0,0,4,1,0,10,1,1,7137,0
131,6,9,4,28,14,1,28,5,1,32,1
84,6,4,4,36,13,0,53,5,0,26,1
188,3,3,2,31,24,0,68,5,0,6,1
44,2,0,0,3,0,0,17,1,1,5477,0
157,7,9,3,18,16,0,37,4,0,27,1
165,5,5,2,25,24,1,43,3,0,18,1
64,5,5,1,17,23,0,58,4,1,19,1
151,6,4,1,28,18,0,30,2,0,46,1
132,5,8,1,32,16,0,71,2,1,26,1
41,2,0,0,6,3,0,10,1,1,5383,0
90,5,11,3,15,11,0,79,5,1,7,1
78,6,8,1,39,9,0,54,4,1,32,1
42,2,0,0,4,1,0,11,0,1,1365,0
154,4,8,1,20,21,0,46,5,0,20,1
36,2,0,0,4,1,0,11,1,1,4835,0
156,7,4,4,18,21,0,68,4,0,13,1
192,3,6,1,24,5,1,72,3,1,54,1
128,4,10,1,36,21,1,35,5,1,5,1
26,2,0,0,4,1,0,10,0,1,6119,0
37,2,0,0,6,0,0,10,1,1,6804,0
199,3,7,4,32,21,0,72,4,1,24,1
41,2,0,0,6,1,0,10,0,1,2481,0
43,1,0,0,5,1,0,11,0,1,2352,0
175,4,5,4,25,17,0,26,3,0,31,1
37,2,0,0,5,0,0,12,0,1,2429,0
134,4,9,4,36,15,0,71,2,1,19,1
101,5,8,3,23,7,0,46,5,0,6,1
33,2,0,0,4,2,0,10,0,1,7001,0
30,2,0,0,3,0,0,10,1,1,3562,0
35,2,0,0,5,0,0,13,1,1,1939,0
35,1,0,0,4,0,0,11,0,1,6452,0
43,1,0,0,4,3,0,13,0,1,2129,0
60,5,6,3,28,18,0,25,2,0,21,1
32,1,0,0,3,2,0,13,1,1,490,0
27,2,0,0,4,3,0,10,0,1,3736,0
149,6,7,2,33,23,0,41,4,0,15,1
31,2,0,0,3,3,0,11,1,1,3199,0
40,1,0,0,3,2,0,10,1,1,7177,0
185,3,8,3,34,6,0,39,5,0,9,1
78,7,10,2,28,20,0,59,5,0,1,1
182,4,10,3,24,17,0,63,5,0,51,1
37,1,0,0,6,2,0,10,0,1,4623,0
40,1,0,0,6,0,0,11,1,1,431,0
144,4,5,1,32,23,1,50,2,0,3,1
33,2,0,0,4,2,0,10,0,1,1506,0
29,1,0,0,4,0,0,10,1,1,4710,0
33,1,0,0,3,2,0,10,0,1,3370,0
30,2,0,0,5,1,0,10,1,1,1268,0
110,3,6,2,19,11,0,43,4,0,54,1
185,3,9,1,28,15,0,75,3,0,2,1
37,1,0,0,6,1,0,12,0,1,886,0
42,2,0,0,3,0,0,12,0,1,5573,0
134,3,3,4,18,18,1,69,5,0,32,1
40,1,0,0,3,3,0,11,1,1,5996,0
133,6,10,1,21,18,0,67,5,0,46,1
84,3,10,3,37,22,0,43,3,0,27,1
35,2,0,0,5,3,0,11,1,1,2403,0
168,3,4,2,24,9,0,79,3,0,16,1
30,2,0,0,3,0,0,8,0,1,501,0
134,4,7,1,32,8,0,41,4,1,47,1
23,1,0,0,5,3,0,10,0,1,2855,0
28,2,0,0,4,2,0,13,0,1,5833,0
30,1,0,0,3,0,0,11,0,1,6154,0
42,2,0,0,4,2,0,11,0,1,7084,0
38,1,0,0,6,0,0,13,1,1,7137,0
32,2,0,0,6,3,0,13,1,1,6584,0
30,1,0,0,3,3,0,10,1,1,3481,0
115,3,5,2,32,10,0,72,2,0,33,1
162,4,11,1,23,11,1,27,4,0,30,1
189,5,10,1,36,19,1,38,4,0,36,1
35,1,0,0,7,2,0,11,0,1,4269,0
29,2,0,0,6,0,0,11,0,1,4920,0
172,7,3,2,27,15,0,50,5,1,16,1
147,7,5,4,24,5,0,50,3,1,24,1
44,1,0,0,4,1,0,17,1,1,4928,0
32,2,0,0,4,1,0,10,0,1,4084,0
37,2,0,0,5,3,0,10,0,1,1632,0
28,2,0,0,3,1,0,10,0,1,5752,0
80,3,11,3,32,9,1,36,4,0,48,1
23,2,0,0,7,2,0,10,0,1,1499,0
34,1,0,0,5,3,0,8,1,1,5582,0
33,1,0,0,6,3,0,11,1,1,988,0
33,1,0,0,6,0,0,8,0,1,4172,0
35,2,0,0,4,2,0,10,1,1,1189,0
26,1,0,0,4,2,0,10,1,1,1272,0
153,4,7,3,15,6,0,43,3,0,22,1
165,3,8,3,16,11,0,77,2,0,20,1
142,7,7,2,23,8,0,58,2,1,10,1
34,2,0,0,7,0,0,9,0,1,6055,0
98,7,3,1,39,12,0,75,5,0,43,1
92,5,5,4,33,10,0,60,5,1,26,1
131,6,11,2,28,5,1,31,4,0,14,1
29,2,0,0,6,0,0,11,0,1,3773,0
110,5,9,3,27,16,0,53,5,0,54,1
24,1,0,0,5,1,0,11,0,1,4193,0
32,2,0,0,3,0,0,10,1,1,5078,0
80,3,8,2,23,24,1,60,3,0,8,1
37,1,0,0,3,1,0,13,0,1,2999,0
35,1,0,0,6,3,0,11,1,1,1826,0
187,7,11,2,18,8,1,61,5,1,12,1
34,1,0,0,3,1,0,11,0,1,6467,0
60,5,4,2,36,15,0,41,5,1,25,1
87,4,6,1,16,14,0,56,3,0,58,1
30,1,0,0,4,2,0,11,1,1,979,0
103,6,9,1,29,13,0,72,5,1,38,1
145,5,6,2,35,16,1,77,2,0,54,1
169,4,7,2,24,15,0,33,5,1,53,1
37,2,0,0,3,3,0,10,0,1,5357,0
34,1,0,0,3,0,0,12,1,1,5256,0
29,1,0,0,6,1,0,11,0,1,3882,0
24,2,0,0,6,3,0,10,1,1,5293,0
37,2,0,0,4,0,0,12,1,1,1482,0
154,5,8,3,32,5,0,25,5,0,26,1
46,1,0,0,6,3,0,17,0,1,1730,0
69,5,6,2,28,21,0,66,4,0,32,1
99,5,6,4,24,16,0,49,2,0,3,1
143,3,10,2,37,12,0,45,2,0,45,1
181,3,8,2,18,16,0,34,4,1,53,1
109,3,3,3,39,9,1,45,4,0,30,1
60,7,10,4,32,17,0,68,5,1,4,1
24,1,0,0,6,3,0,10,1,1,4248,0
178,4,4,1,26,5,0,30,3,0,32,1
92,7,8,4,20,10,1,78,2,0,23,1
122,5,3,3,17,12,1,77,3,0,45,1
190,4,7,3,35,9,0,27,2,0,25,1
147,5,5,3,17,21,0,73,3,0,48,1
67,7,4,1,31,22,0,68,5,0,36,1
181,6,8,1,24,21,0,41,5,1,24,1
36,2,0,0,3,1,0,10,1,1,5161,0
32,2,0,0,3,2,0,10,1,1,3448,0
32,1,0,0,6,0,0,10,0,1,4472,0
36,1,0,0,5,2,0,11,1,1,5940,0
83,4,11,4,21,14,0,36,2,0,24,1
26,2,0,0,4,0,0,11,0,1,4458,0
115,3,5,1,39,21,0,65,4,0,49,1
30,2,0,0,4,3,0,10,0,1,3266,0
34,1,0,0,6,0,0,13,1,1,5111,0
35,2,0,0,7,2,0,10,0,1,3279,0
35,1,0,0,7,1,0,10,0,1,1010,0
41,1,0,0,5,0,0,12,1,1,6958,0
39,2,0,0,4,0,0,13,1,1,2977,0
32,1,0,0,5,3,0,10,0,1,1191,0
115,6,6,2,36,9,0,42,4,0,28,1
36,1,0,0,7,3,0,13,0,1,6288,0
42,2,0,0,5,0,0,10,1,1,3469,0
60,7,4,3,16,8,1,65,3,1,38,1
30,2,0,0,5,1,0,9,0,1,5685,0
42,2,0,0,4,0,0,11,0,1,6750,0
178,3,6,1,22,16,1,29,3,1,44,1
40,1,0,0,6,3,0,11,0,1,2406,0
39,2,0,0,7,3,0,12,0,1,2150,0
162,5,9,2,26,16,1,43,4,0,5,1
136,3,4,1,38,6,0,43,2,0,56,1
34,2,0,0,3,2,0,10,1,1,1659,0
148,6,11,2,27,9,0,35,2,0,4,1
60,5,10,2,17,23,0,52,4,0,4,1
107,4,4,4,15,20,0,67,3,0,48,1
39,2,0,0,5,1,0,13,0,1,6024,0
32,2,0,0,5,2,0,10,0,1,3577,0
26,1,0,0,3,2,0,11,0,1,3719,0
182,5,5,2,24,10,0,33,3,0,14,1
28,1,0,0,3,0,0,12,0,1,3584,0
170,5,10,1,30,11,0,63,4,0,11,1
44,1,0,0,6,3,0,12,1,1,7063,0
116,6,10,2,32,12,0,66,2,1,11,1
191,6,4,1,18,17,0,59,5,1,35,1
194,7,5,2,30,10,1,31,2,0,33,1
26,2,0,0,5,0,0,12,1,1,939,0
142,4,7,4,36,21,0,51,3,1,35,1
40,1,0,0,7,3,0,11,1,1,5877,0
44,2,0,0,3,0,0,13,0,1,5652,0
32,2,0,0,6,0,0,8,1,1,1381,0
94,7,6,3,20,15,1,76,5,1,28,1
33,1,0,0,7,3,0,9,1,1,2100,0
183,4,4,2,28,21,0,57,2,0,26,1
69,3,11,3,36,18,0,39,3,1,47,1
35,1,0,0,3,1,0,13,1,1,3023,0
179,3,9,1,39,14,1,32,3,0,47,1
23,2,0,0,3,2,0,10,0,1,4523,0
38,2,0,0,5,3,0,10,1,1,6562,0
30,1,0,0,4,0,0,12,1,1,4183,0
37,1,0,0,3,1,0,12,1,1,2906,0
29,1,0,0,6,0,0,11,0,1,2692,0
32,2,0,0,7,2,0,10,1,1,705,0
34,2,0,0,5,0,0,10,1,1,3109,0
70,7,3,2,19,10,1,51,5,1,40,1
121,6,7,1,35,20,0,25,3,0,50,1
34,1,0,0,5,1,0,10,1,1,4485,0
26,1,0,0,3,2,0,11,0,1,2440,0
21,1,0,0,6,3,0,8,0,1,5019,0
29,1,0,0,5,3,0,10,1,1,3324,0
38,2,0,0,5,2,0,11,1,1,4009,0
43,1,0,0,6,1,0,12,0,1,6110,0
141,5,5,2,24,24,0,41,3,0,53,1
184,3,6,2,15,11,0,63,4,0,29,1
24,1,0,0,6,1,0,9,1,1,6709,0
118,4,11,2,17,8,0,44,5,1,15,1
38,1,0,0,6,2,0,11,0,1,5598,0
38,1,0,0,7,0,0,11,1,1,842,0
31,1,0,0,3,1,0,10,1,1,4630,0
33,2,0,0,4,0,0,11,0,1,946,0
177,7,9,1,27,23,1,37,4,0,51,1
27,1,0,0,4,0,0,8,0,1,5260,0
85,7,6,2,15,11,1,56,3,0,50,1
27,1,0,0,7,1,0,12,1,1,4074,0
177,4,5,4,28,20,0,79,4,0,18,1
43,2,0,0,7,2,0,11,1,1,4169,0
119,4,9,4,33,19,0,53,2,0,44,1
41,1,0,0,3,0,0,11,1,1,5627,0
34,1,0,0,6,1,0,11,0,1,4621,0
24,1,0,0,6,3,0,10,1,1,3911,0
75,5,9,2,37,8,1,74,3,0,12,1
120,4,7,2,34,22,1,48,2,0,59,1
38,2,0,0,6,3,0,12,0,1,3578,0
80,7,5,2,36,22,0,74,3,1,59,1
81,6,3,3,24,19,1,53,5,0,28,1
117,5,4,1,32,6,1,39,5,0,16,1
37,2,0,0,4,0,0,11,1,1,6412,0
38,2,0,0,7,1,0,10,0,1,1384,0
26,1,0,0,5,3,0,11,1,1,1914,0
44,1,0,0,3,1,0,12,0,1,2415,0
140,7,4,4,20,9,1,26,5,1,55,1
42,1,0,0,6,2,0,10,0,1,1271,0
148,5,3,4,35,11,0,32,3,1,24,1
27,1,0,0,4,3,0,12,0,1,1442,0
117,7,5,2,21,14,1,59,4,0,28,1
27,1,0,0,6,0,0,10,1,1,3533,0
44,2,0,0,3,0,0,17,0,1,1319,0
159,5,9,3,17,5,1,71,4,0,25,1
96,3,6,1,36,10,1,48,3,1,12,1
38,1,0,0,3,1,0,10,1,1,2045,0
29,2,0,0,6,2,0,11,0,1,3620,0
128,6,7,1,37,12,0,51,5,0,27,1
182,3,9,3,19,24,1,72,2,0,51,1
34,1,0,0,7,3,0,11,1,1,4365,0
31,1,0,0,3,3,0,9,0,1,6922,0
172,3,3,2,30,24,1,47,4,1,56,1
119,4,3,3,33,13,1,75,5,0,52,1
44,1,0,0,5,3,0,12,0,1,3457,0
169,6,5,2,37,11,0,79,4,1,32,1
109,4,5,1,17,15,0,36,4,0,13,1
61,6,8,2,25,12,1,54,3,1,1,1
169,5,7,3,16,21,0,71,3,0,54,1
35,1,0,0,3,3,0,13,1,1,3151,0
156,6,7,1,31,9,0,30,3,1,13,1
30,2,0,0,3,0,0,11,1,1,4130,0
178,5,8,3,23,20,0,39,4,0,26,1
96,7,5,2,27,22,0,60,5,1,18,1
28,1,0,0,3,2,0,11,0,1,3269,0
77,6,6,4,27,8,0,79,4,1,52,1
143,5,11,2,18,10,0,72,2,0,51,1
130,7,10,1,30,20,1,71,4,1,10,1
64,7,5,1,18,21,0,55,3,0,34,1
26,2,0,0,4,1,0,9,0,1,5452,0
184,4,10,2,34,19,0,66,4,0,45,1
86,6,4,3,36,20,0,42,4,0,16,1
186,5,6,4,34,11,0,63,2,1,47,1
30,2,0,0,6,3,0,10,1,1,4833,0
42,2,0,0,7,2,0,11,1,1,2178,0
116,3,8,1,30,17,0,44,5,0,53,1
36,2,0,0,5,3,0,10,0,1,2326,0
35,1,0,0,6,1,0,11,0,1,1356,0
28,2,0,0,4,0,0,11,0,1,6414,0
171,3,6,2,22,24,0,67,5,1,20,1
32,1,0,0,4,2,0,11,1,1,5238,0
32,1,0,0,7,3,0,17,1,1,5707,0
88,5,8,3,24,13,0,34,2,1,50,1
41,2,0,0,6,2,0,9,0,1,4502,0
112,7,4,4,35,15,1,37,5,0,8,1
87,7,3,1,16,17,0,52,3,0,58,1
137,7,6,2,22,23,0,60,2,0,33,1
66,6,6,3,39,22,0,78,5,0,58,1
96,7,10,3,26,8,1,62,4,1,25,1
144,5,9,2,17,17,0,74,2,1,57,1
37,1,0,0,3,3,0,10,1,1,4308,0
30,1,0,0,4,3,0,12,1,1,1536,0
40,1,0,0,5,1,0,13,1,1,6238,0
38,1,0,0,7,2,0,10,0,1,2081,0
39,1,0,0,7,0,0,10,1,1,2192,0
29,1,0,0,7,1,0,12,0,1,4846,0
36,2,0,0,3,3,0,12,1,1,4661,0
30,2,0,0,5,0,0,13,1,1,1635,0
77,3,5,4,28,6,0,78,4,0,58,1
181,6,6,1,30,12,0,31,2,0,52,1
44,2,0,0,6,1,0,12,1,1,6722,0
180,7,7,1,36,17,0,33,5,0,45,1
163,7,4,4,17,13,1,63,5,0,32,1
130,5,11,3,28,17,0,69,3,1,23,1
31,2,0,0,6,3,0,13,1,1,3010,0
38,1,0,0,5,1,0,11,1,1,7113,0
34,2,0,0,5,3,0,11,0,1,3671,0
167,7,9,1,28,22,0,63,5,1,44,1
45,2,0,0,5,2,0,13,0,1,3542,0
38,1,0,0,5,3,0,10,0,1,7138,0
32,1,0,0,4,1,0,10,0,1,6633,0
141,6,10,1,37,15,1,31,2,0,21,1
38,2,0,0,3,0,0,11,1,1,4529,0
79,4,11,4,20,8,0,69,2,0,18,1
196,7,8,4,16,18,0,58,5,0,55,1
169,5,9,4,20,18,1,71,5,0,18,1
73,4,8,4,37,18,0,34,3,0,2,1
43,1,0,0,5,1,0,13,0,1,2555,0
23,1,0,0,5,3,0,10,1,1,1364,0
170,3,3,1,36,18,0,45,2,1,53,1
28,1,0,0,3,2,0,13,1,1,2837,0
29,2,0,0,7,1,0,8,1,1,3139,0
36,1,0,0,4,1,0,10,0,1,2776,0
35,1,0,0,3,3,0,11,1,1,3771,0
133,3,6,2,24,15,1,76,5,1,28,1
40,1,0,0,6,2,0,13,1,1,953,0
129,7,3,3,21,19,1,66,4,0,40,1
83,7,9,3,15,5,1,74,5,1,58,1
118,7,8,4,24,12,0,52,2,1,56,1
124,5,4,2,18,19,0,75,3,0,42,1
179,3,7,1,31,6,0,79,4,0,12,1
196,6,4,3,17,13,0,55,2,1,54,1
124,7,3,4,21,19,0,70,4,0,54,1
194,7,5,2,22,13,0,46,3,0,10,1
117,6,6,3,39,12,0,61,3,0,52,1
24,1,0,0,6,2,0,9,1,1,5920,0
28,1,0,0,4,1,0,8,1,1,3434,0
186,3,11,1,30,12,1,25,5,1,5,1
43,2,0,0,3,0,0,11,1,1,3061,0
101,4,10,1,27,5,0,69,5,1,28,1
40,2,0,0,5,2,0,10,1,1,4960,0
177,4,6,4,23,22,1,30,4,0,7,1
29,1,0,0,4,2,0,10,1,1,6351,0
24,1,0,0,3,2,0,8,0,1,6176,0
73,6,6,1,29,12,0,72,2,1,15,1
42,2,0,0,4,1,0,10,1,1,7135,0
197,3,10,2,26,21,0,35,2,1,23,1
40,2,0,0,6,1,0,9,1,1,6685,0
192,7,5,2,19,23,0,27,4,0,6,1
28,2,0,0,6,1,0,13,1,1,1550,0
155,3,7,3,29,11,1,74,5,0,14,1
33,2,0,0,3,1,0,13,0,1,1681,0
26,2,0,0,3,0,0,10,0,1,1768,0
133,7,3,2,24,20,0,69,3,0,13,1
37,2,0,0,3,1,0,12,0,1,2547,0
40,2,0,0,6,2,0,10,0,1,4827,0
104,7,11,1,32,23,0,53,2,0,30,1
24,1,0,0,6,0,0,9,0,1,1760,0
176,4,7,2,27,13,0,75,2,0,34,1
171,5,11,1,15,6,0,53,2,0,25,1
78,5,7,3,38,14,1,79,5,1,4,1
36,1,0,0,5,2,0,10,1,1,4176,0
34,2,0,0,4,3,0,11,1,1,3570,0
198,6,5,1,29,18,0,32,5,1,39,1
32,1,0,0,4,3,0,11,0,1,2167,0
36,1,0,0,7,3,0,11,1,1,6486,0
38,1,0,0,4,0,0,12,0,1,5699,0
178,4,4,4,21,15,0,31,2,1,39,1
130,4,8,1,17,16,1,68,2,0,47,1
32,1,0,0,5,3,0,11,1,1,2166,0
199,5,8,3,38,21,0,25,3,0,21,1
153,4,6,4,32,22,1,26,5,1,7,1
183,7,6,3,19,12,1,32,5,0,59,1
160,6,6,1,17,13,1,63,3,0,22,1
70,3,8,4,27,6,0,31,2,1,34,1
133,4,9,4,26,23,0,46,4,1,18,1
38,2,0,0,5,0,0,17,1,1,1092,0
24,2,0,0,7,3,0,10,1,1,737,0
148,6,6,3,37,23,0,60,5,0,30,1
34,1,0,0,5,1,0,17,1,1,1028,0
197,6,7,2,24,7,0,34,2,0,50,1
91,7,9,2,35,10,0,66,5,0,41,1
71,4,11,4,24,10,1,55,4,1,39,1
23,2,0,0,6,0,0,8,0,1,6587,0
45,2,0,0,7,3,0,13,0,1,3593,0
88,4,9,2,37,8,1,27,2,0,3,1
62,6,3,1,25,23,1,40,5,0,12,1
63,7,7,1,23,21,0,27,4,0,30,1
187,6,8,3,39,23,1,59,4,1,54,1
30,2,0,0,7,1,0,11,1,1,3258,0
44,1,0,0,6,3,0,13,0,1,4154,0
41,2,0,0,6,0,0,11,1,1,3791,0
94,3,7,2,25,8,0,56,2,0,26,1
191,4,7,3,16,16,1,58,3,0,50,1
49,1,0,0,5,3,0,17,0,1,3222,0
40,2,0,0,3,2,0,11,0,1,3090,0
27,1,0,0,3,2,0,9,0,1,2975,0
39,2,0,0,6,2,0,11,0,1,4726,0
36,2,0,0,7,2,0,17,0,1,5422,0
187,6,8,1,32,10,0,68,4,0,51,1
171,5,3,4,18,10,1,26,3,1,59,1
196,7,10,3,27,19,0,70,5,0,35,1
68,5,9,4,34,22,0,37,5,0,16,1
150,6,9,3,21,19,0,79,3,0,46,1
76,5,11,1,20,22,1,35,2,1,54,1
35,2,0,0,3,3,0,10,1,1,4671,0
166,4,7,4,30,21,0,79,4,0,53,1
70,3,8,2,25,5,1,55,3,1,26,1
26,1,0,0,4,2,0,11,1,1,5169,0
193,7,4,2,16,13,0,58,5,0,16,1
31,2,0,0,6,1,0,10,0,1,1746,0
142,7,9,3,21,23,0,63,5,1,22,1
184,4,3,4,38,13,0,41,3,0,14,1
38,2,0,0,3,2,0,11,0,1,6399,0
29,2,0,0,3,1,0,11,0,1,2237,0
111,7,10,2,25,23,1,57,2,1,32,1
181,5,10,2,22,6,0,63,3,0,6,1
114,5,4,2,15,11,0,60,4,0,33,1
86,7,5,1,21,14,0,39,3,0,59,1
35,1,0,0,4,2,0,11,0,1,3560,0
77,3,8,4,21,10,0,65,3,0,33,1
26,2,0,0,7,2,0,11,1,1,3945,0
40,1,0,0,4,3,0,10,1,1,2946,0
44,1,0,0,7,3,0,17,1,1,4955,0
32,2,0,0,3,0,0,13,1,1,937,0
27,1,0,0,3,3,0,11,1,1,6909,0
35,2,0,0,5,3,0,11,0,1,4365,0
87,7,9,2,28,11,0,48,3,0,36,1
35,2,0,0,3,2,0,11,1,1,6148,0
29,2,0,0,7,1,0,11,0,1,3037,0
29,1,0,0,4,0,0,9,1,1,3814,0
154,4,10,4,39,16,0,61,4,0,52,1
188,6,7,1,36,8,0,40,5,0,55,1
121,4,4,2,20,14,0,41,3,0,16,1
160,7,4,4,34,13,1,55,2,1,42,1
26,1,0,0,6,2,0,10,0,1,1913,0
40,2,0,0,5,3,0,8,0,1,6772,0
103,4,6,2,27,17,0,42,2,0,14,1
37,1,0,0,4,0,0,11,0,1,1205,0
188,3,6,4,30,12,0,75,4,0,9,1
165,4,6,1,30,11,0,36,4,1,31,1
41,2,0,0,5,0,0,11,1,1,6424,0
39,1,0,0,5,3,0,11,1,1,6416,0
88,3,4,3,21,19,1,78,5,0,42,1
32,2,0,0,7,2,0,8,1,1,4525,0
112,6,9,2,17,13,1,35,2,0,7,1
111,3,5,3,28,21,1,51,2,1,47,1
28,1,0,0,7,2,0,10,0,1,6014,0
198,5,8,3,22,6,0,47,3,1,39,1
41,1,0,0,5,2,0,10,1,1,5104,0
29,1,0,0,4,1,0,10,0,1,2266,0
38,2,0,0,6,0,0,12,0,1,5794,0
29,2,0,0,3,1,0,11,0,1,3953,0
31,1,0,0,7,2,0,10,1,1,4426,0
35,1,0,0,5,3,0,10,0,1,4135,0
76,4,11,3,21,18,0,39,5,0,15,1
89,4,9,3,18,7,0,60,2,1,31,1
29,2,0,0,3,2,0,10,0,1,557,0
43,1,0,0,6,3,0,11,0,1,1050,0
104,4,11,2,36,11,0,55,5,0,28,1
29,2,0,0,6,1,0,8,0,1,5670,0
156,3,10,4,17,6,1,46,2,0,42,1
29,1,0,0,4,2,0,11,1,1,4009,0
44,1,0,0,7,1,0,13,0,1,6362,0
41,1,0,0,5,2,0,11,1,1,5528,0
67,7,4,1,34,15,0,36,4,0,57,1
30,1,0,0,5,2,0,11,0,1,5823,0
38,1,0,0,6,2,0,13,0,1,4917,0
68,7,9,1,23,7,0,76,4,1,46,1
41,1,0,0,7,0,0,13,1,1,5670,0
41,2,0,0,3,0,0,13,1,1,3014,0
176,3,6,4,31,19,0,40,5,0,45,1
117,5,9,2,23,18,1,68,4,0,52,1
39,1,0,0,6,3,0,12,0,1,3299,0
28,2,0,0,6,0,0,11,0,1,2409,0
148,7,3,1,23,20,0,67,4,0,28,1
191,4,5,2,26,7,0,36,4,0,0,1
35,2,0,0,4,1,0,11,1,1,6778,0
46,2,0,0,3,0,0,17,0,1,936,0
46,2,0,0,3,1,0,17,1,1,956,0
143,5,5,2,32,16,0,34,2,1,33,1
84,4,7,3,22,23,0,77,4,1,17,1
141,4,5,4,37,7,0,75,4,0,5,1
33,2,0,0,3,0,0,8,1,1,447,0
122,5,5,4,24,21,0,52,4,0,23,1
72,6,10,2,21,15,0,53,3,0,44,1
27,2,0,0,3,0,0,13,1,1,5933,0
42,1,0,0,7,3,0,13,0,1,1448,0
26,1,0,0,5,1,0,9,1,1,2986,0
44,2,0,0,5,0,0,13,0,1,5673,0
194,7,3,4,32,14,0,25,4,0,12,1
32,1,0,0,4,0,0,9,0,1,5515,0
34,2,0,0,4,3,0,11,0,1,6935,0
95,4,10,2,23,18,0,66,3,1,11,1
165,6,5,3,29,20,0,30,2,0,43,1
31,2,0,0,7,0,0,11,0,1,3704,0
82,3,5,3,16,5,0,69,4,0,14,1
165,4,3,4,28,21,1,67,2,1,13,1
30,2,0,0,3,1,0,8,0,1,4748,0
79,7,7,1,18,24,0,35,3,0,17,1
33,2,0,0,6,3,0,10,0,1,3215,0
181,6,6,4,22,21,0,53,3,0,51,1
111,3,5,4,20,10,0,68,4,0,15,1
102,6,3,4,17,14,0,71,5,0,38,1
74,6,7,2,23,24,0,54,4,1,39,1
34,2,0,0,5,2,0,10,0,1,4371,0
30,1,0,0,7,2,0,13,0,1,5001,0
37,2,0,0,6,3,0,12,0,1,4813,0
195,6,11,1,38,20,0,55,5,0,30,1
192,4,10,3,29,5,1,42,3,0,1,1
97,6,8,1,16,23,1,52,5,1,40,1
38,2,0,0,6,1,0,10,1,1,4462,0
42,2,0,0,7,3,0,11,1,1,5798,0
27,2,0,0,6,1,0,13,1,1,6219,0
30,2,0,0,3,2,0,10,0,1,4591,0
38,2,0,0,7,2,0,12,1,1,3025,0
193,3,10,1,33,15,0,49,4,0,56,1
192,6,10,1,32,11,1,68,3,1,11,1
97,5,8,2,31,9,0,54,2,0,52,1
80,5,4,3,36,6,0,48,4,1,22,1
25,1,0,0,7,0,0,11,1,1,2751,0
171,5,9,1,27,5,0,32,5,0,34,1
192,4,9,2,18,13,0,70,3,1,52,1
180,4,8,1,39,7,0,75,2,1,11,1
96,4,5,1,16,8,0,28,4,0,46,1
124,3,4,1,29,7,0,34,2,1,34,1
33,1,0,0,3,0,0,13,0,1,1499,0
117,4,3,2,36,16,1,73,5,1,50,1
42,1,0,0,7,1,0,17,1,1,2524,0
25,1,0,0,4,3,0,11,0,1,1707,0
175,4,4,1,23,7,1,44,3,1,18,1
84,5,4,4,31,5,1,50,3,0,40,1
119,4,11,2,39,23,0,35,3,0,6,1
25,1,0,0,5,3,0,11,1,1,2508,0
29,1,0,0,4,3,0,11,0,1,2802,0
34,1,0,0,3,3,0,11,1,1,3277,0
168,6,10,3,20,5,0,37,2,1,14,1
186,7,10,1,18,8,0,41,4,1,15,1
148,6,6,3,31,18,0,34,4,0,9,1
145,3,3,2,26,9,1,39,3,0,39,1
28,1,0,0,5,2,0,10,0,1,4039,0
31,2,0,0,6,0,0,10,0,1,2749,0
60,7,3,3,18,24,1,65,3,1,47,1
96,4,4,3,36,12,0,78,5,1,6,1
35,2,0,0,4,3,0,10,1,1,7116,0
29,1,0,0,7,2,0,8,0,1,547,0
25,1,0,0,5,1,0,10,1,1,4734,0
194,3,8,4,37,11,1,69,4,0,39,1
130,5,3,3,37,11,0,37,5,1,18,1
109,6,8,3,35,17,0,44,2,1,44,1
63,6,11,1,30,10,0,63,5,0,23,1
27,2,0,0,5,3,0,9,1,1,6312,0
28,2,0,0,4,3,0,8,0,1,1939,0
41,1,0,0,6,2,0,12,1,1,1870,0
197,5,4,4,22,22,0,49,4,0,20,1
169,7,10,3,39,6,0,31,4,0,54,1
34,2,0,0,6,3,0,13,1,1,3446,0
38,1,0,0,7,1,0,11,1,1,2487,0
24,2,0,0,6,2,0,8,0,1,6119,0
91,5,4,2,19,24,0,74,3,1,54,1
26,2,0,0,3,1,0,13,1,1,6361,0
43,2,0,0,7,1,0,11,1,1,4941,0
28,1,0,0,5,2,0,10,1,1,6467,0
33,1,0,0,5,3,0,12,1,1,3138,0
29,1,0,0,6,2,0,10,0,1,6947,0
26,1,0,0,6,1,0,8,1,1,3555,0
37,2,0,0,6,0,0,11,0,1,2418,0
31,2,0,0,3,3,0,10,0,1,4858,0
85,6,10,3,20,10,0,45,5,1,34,1
147,4,4,3,38,13,0,66,3,0,7,1
31,1,0,0,3,0,0,11,0,1,6130,0
33,1,0,0,7,0,0,10,1,1,5145,0
37,2,0,0,6,1,0,11,1,1,4365,0
142,3,11,4,26,17,1,75,3,0,4,1
166,3,9,2,26,6,0,45,4,0,11,1
40,1,0,0,5,2,0,11,1,1,2412,0
133,7,11,4,17,20,0,33,3,0,34,1
154,5,9,2,38,5,0,69,3,0,31,1
28,1,0,0,6,3,0,11,1,1,4944,0
132,7,7,4,35,18,1,33,4,1,49,1
148,6,4,3,37,23,1,36,4,1,33,1
23,2,0,0,3,3,0,10,1,1,3221,0
74,6,10,1,27,13,0,41,5,0,56,1
73,6,5,1,31,14,0,67,2,1,41,1
43,1,0,0,3,0,0,11,1,1,1253,0
159,4,5,4,37,16,0,71,3,0,13,1
29,1,0,0,7,0,0,12,1,1,1890,0
144,7,9,1,21,13,1,45,5,1,33,1
199,6,11,2,28,15,0,49,4,0,0,1
43,2,0,0,4,0,0,11,0,1,1681,0
27,1,0,0,6,0,0,11,1,1,4573,0
117,4,4,2,39,23,1,32,4,1,43,1
114,5,4,4,33,11,0,71,5,1,37,1
44,1,0,0,5,0,0,13,0,1,7234,0
25,2,0,0,3,0,0,12,1,1,1180,0
111,6,7,2,16,11,0,57,5,0,18,1
40,1,0,0,7,3,0,12,0,1,4705,0
38,2,0,0,4,3,0,11,1,1,5955,0
104,7,3,1,20,7,1,63,3,1,50,1
144,7,7,4,25,9,0,67,2,0,46,1
85,5,11,2,36,5,0,63,4,0,40,1
27,2,0,0,6,3,0,10,0,1,977,0
25,2,0,0,4,3,0,10,0,1,6384,0
40,2,0,0,7,1,0,12,0,1,2356,0
33,1,0,0,7,3,0,8,1,1,6957,0
36,2,0,0,3,0,0,13,1,1,6033,0
28,1,0,0,4,0,0,11,0,1,5603,0
37,1,0,0,3,0,0,11,1,1,867,0
49,2,0,0,5,3,0,17,0,1,2779,0
38,2,0,0,3,0,0,10,1,1,4647,0
34,1,0,0,4,2,0,10,0,1,2594,0
63,6,8,2,31,17,0,76,3,1,7,1
39,2,0,0,3,2,0,11,1,1,5428,0
80,5,4,1,21,9,0,72,3,1,27,1
38,1,0,0,4,2,0,17,1,1,7275,0
35,2,0,0,7,0,0,11,0,1,736,0
42,1,0,0,4,0,0,13,1,1,1764,0
28,2,0,0,5,3,0,10,1,1,663,0
139,5,6,2,22,17,0,28,2,0,43,1
150,4,8,4,39,19,0,53,5,0,51,1
134,3,9,3,25,12,0,35,5,0,1,1
28,2,0,0,4,1,0,13,0,1,6724,0
185,5,3,1,32,10,0,79,3,0,7,1
177,7,9,1,37,11,0,38,5,1,20,1
44,2,0,0,4,3,0,12,1,1,5243,0
149,3,7,4,27,19,1,30,5,1,31,1
41,2,0,0,5,3,0,10,0,1,645,0
30,1,0,0,3,2,0,9,0,1,6404,0
24,1,0,0,7,2,0,11,1,1,6176,0
28,2,0,0,6,1,0,11,1,1,2983,0
103,6,4,1,39,6,0,76,2,0,10,1
32,1,0,0,4,3,0,12,1,1,3788,0
26,2,0,0,5,1,0,12,0,1,1671,0
148,6,7,3,19,21,0,71,2,1,49,1
25,2,0,0,5,1,0,10,1,1,4409,0
183,6,6,2,36,16,0,76,4,0,45,1
36,1,0,0,6,1,0,17,0,1,4963,0
38,2,0,0,6,3,0,10,1,1,2084,0
65,6,8,3,37,11,0,51,4,0,32,1
128,3,8,4,28,21,0,57,2,0,26,1
115,6,4,2,38,20,0,40,2,0,10,1
24,1,0,0,4,0,0,11,1,1,4468,0
40,1,0,0,4,3,0,12,1,1,6460,0
169,6,8,4,36,6,0,37,4,1,21,1
38,2,0,0,5,2,0,8,1,1,6381,0
123,3,9,3,38,16,0,65,3,0,8,1
33,1,0,0,7,2,0,10,1,1,6339,0
71,4,6,3,24,11,1,29,2,1,7,1
159,4,6,3,30,7,1,26,2,0,37,1
33,1,0,0,7,0,0,13,0,1,3022,0
39,2,0,0,3,0,0,17,1,1,5397,0
44,1,0,0,4,1,0,13,0,1,5752,0
43,2,0,0,3,3,0,17,0,1,5739,0
193,7,4,4,24,19,0,78,4,0,26,1
176,6,6,1,20,7,0,47,4,0,35,1
147,7,3,2,36,7,1,29,2,0,52,1
163,5,8,4,33,5,0,40,3,0,56,1
29,1,0,0,5,1,0,9,0,1,4106,0
74,3,3,3,20,13,0,62,5,0,12,1
130,3,10,1,30,10,0,62,4,1,32,1
41,2,0,0,5,3,0,11,1,1,5879,0
36,1,0,0,5,0,0,12,1,1,3756,0
91,6,5,4,34,19,0,51,2,0,27,1
182,7,7,1,23,10,0,40,2,1,15,1
25,1,0,0,5,0,0,10,1,1,2643,0
132,3,9,4,32,19,0,47,5,0,25,1
114,5,10,2,26,17,1,25,5,0,34,1
194,5,7,4,25,24,0,39,5,0,23,1
35,1,0,0,6,2,0,11,0,1,5296,0
62,6,8,2,29,18,1,33,3,0,43,1
42,1,0,0,4,3,0,13,0,1,3859,0
122,6,4,4,36,20,0,48,2,0,55,1
129,3,6,1,36,19,0,30,4,0,44,1
100,3,3,1,37,17,0,32,3,0,1,1
102,6,7,2,24,11,1,33,3,1,3,1
27,2,0,0,7,1,0,10,0,1,2445,0
89,5,4,3,28,6,0,67,4,0,58,1
32,2,0,0,5,1,0,11,0,1,5572,0
28,1,0,0,3,3,0,12,1,1,2900,0
169,6,6,1,20,19,0,46,4,1,31,1
38,1,0,0,7,2,0,12,0,1,3295,0
25,1,0,0,3,2,0,12,1,1,7141,0
199,5,6,1,25,21,0,29,5,1,25,1
27,1,0,0,6,0,0,10,1,1,2462,0
67,6,4,3,24,9,1,75,2,1,6,1
112,7,3,2,22,13,1,69,2,1,6,1
27,1,0,0,4,2,0,10,0,1,4824,0
25,1,0,0,5,3,0,10,1,1,2099,0
22,2,0,0,6,2,0,8,1,1,5251,0
172,4,11,2,37,21,0,45,5,1,43,1
109,6,4,2,32,16,0,44,2,0,22,1
34,2,0,0,3,3,0,11,0,1,5475,0
96,7,6,4,20,23,1,47,4,0,47,1
81,3,11,3,18,11,0,28,5,0,58,1
28,1,0,0,5,1,0,12,0,1,6774,0
188,3,8,3,34,24,1,33,4,0,3,1
25,2,0,0,4,2,0,10,0,1,1497,0
127,4,11,2,27,19,0,58,3,0,43,1
80,5,4,4,29,10,0,36,4,1,57,1
164,5,5,3,23,22,1,26,3,0,25,1
89,3,8,2,28,9,1,51,5,0,27,1
136,4,11,3,30,22,1,44,3,0,57,1
78,4,9,3,17,21,0,27,3,1,24,1
163,3,7,2,23,16,0,73,3,0,18,1
188,7,3,3,29,13,0,47,5,1,7,1
31,1,0,0,6,0,0,13,1,1,5935,0
156,7,10,3,31,16,1,47,4,1,11,1
38,2,0,0,3,1,0,13,1,1,2228,0
24,2,0,0,6,1,0,10,1,1,6014,0
90,6,3,2,23,7,0,50,2,1,15,1
39,2,0,0,5,2,0,8,1,1,2407,0
101,7,6,4,22,5,0,68,4,1,12,1
41,2,0,0,4,3,0,12,0,1,5270,0
39,2,0,0,4,3,0,9,1,1,4792,0
28,2,0,0,4,0,0,10,0,1,2038,0
191,4,9,1,32,12,0,58,5,0,30,1
180,7,4,2,20,11,0,71,2,0,32,1
31,1,0,0,3,1,0,13,1,1,5015,0
101,6,5,4,24,14,0,71,3,1,31,1
97,6,9,4,26,20,1,69,4,0,20,1
196,6,10,2,22,23,0,37,2,0,51,1
25,2,0,0,3,2,0,10,1,1,1718,0
154,3,6,1,39,10,0,49,2,0,43,1
138,4,6,1,32,21,1,77,2,0,43,1
34,1,0,0,3,3,0,10,0,1,5253,0
140,5,3,1,38,20,1,26,2,1,56,1
79,3,4,1,15,8,0,49,4,1,22,1
34,1,0,0,5,3,0,8,0,1,1504,0
32,1,0,0,6,0,0,9,0,1,6767,0
29,1,0,0,6,2,0,10,0,1,2854,0
146,5,3,3,30,24,1,64,3,0,13,1
33,2,0,0,7,2,0,11,0,1,1010,0
136,3,5,2,30,22,0,74,4,0,22,1
199,7,9,2,37,5,0,45,2,1,54,1
189,6,7,1,21,8,1,78,2,0,21,1
44,2,0,0,6,2,0,12,1,1,2921,0
115,3,10,2,36,17,1,67,4,1,16,1
63,5,3,2,20,8,0,63,5,0,14,1
72,3,11,1,27,16,0,34,2,0,53,1
38,1,0,0,5,0,0,9,0,1,4844,0
25,2,0,0,4,3,0,10,0,1,2361,0
196,4,6,1,39,22,1,60,2,0,31,1
24,1,0,0,6,1,0,10,1,1,6702,0
173,7,6,3,37,13,0,59,4,0,47,1
32,2,0,0,6,0,0,10,1,1,6242,0
109,3,6,4,23,7,0,42,5,0,0,1
136,5,10,3,22,24,1,63,2,0,40,1
41,2,0,0,6,3,0,11,0,1,1161,0
40,1,0,0,7,2,0,13,1,1,1665,0
133,3,8,2,25,6,0,79,5,1,15,1
29,2,0,0,3,3,0,10,1,1,4267,0
109,4,11,2,19,5,0,44,2,0,43,1
190,3,10,1,17,18,0,71,3,1,25,1
106,7,9,1,38,23,0,27,3,0,56,1
38,1,0,0,4,1,0,11,1,1,1938,0
36,1,0,0,3,2,0,10,0,1,2275,0
39,1,0,0,4,3,0,12,0,1,4865,0
77,5,3,1,39,13,0,76,2,1,20,1
178,7,5,3,35,24,0,63,2,1,55,1
28,1,0,0,6,0,0,9,0,1,3025,0
136,3,8,2,32,12,1,53,3,0,4,1
41,1,0,0,5,3,0,10,0,1,3121,0
38,2,0,0,6,0,0,12,1,1,7210,0
64,5,6,4,30,19,0,27,4,1,35,1
187,4,7,2,18,6,0,66,5,0,16,1
25,2,0,0,6,2,0,11,1,1,6331,0
124,7,10,3,19,7,0,51,2,0,12,1
76,6,4,3,19,24,0,50,4,0,53,1
31,2,0,0,6,2,0,11,1,1,4859,0
27,1,0,0,3,2,0,11,1,1,5402,0
73,6,3,3,30,9,0,79,4,0,16,1
24,1,0,0,4,2,0,11,0,1,2026,0
116,3,9,3,23,13,1,77,5,0,54,1
30,2,0,0,3,1,0,10,1,1,2639,0
156,5,10,2,28,10,0,31,3,0,40,1
46,2,0,0,6,2,0,17,0,1,5844,0
133,6,5,2,24,19,1,62,5,0,15,1
182,4,11,1,18,23,0,36,3,0,4,1
33,1,0,0,7,3,0,13,1,1,1344,0
31,1,0,0,3,0,0,13,0,1,3074,0
23,2,0,0,7,3,0,10,1,1,4353,0
94,5,9,1,27,21,0,53,3,0,23,1
29,2,0,0,7,0,0,10,0,1,4608,0
39,2,0,0,4,2,0,11,0,1,2563,0
60,5,10,2,28,18,0,67,3,1,26,1
27,2,0,0,6,3,0,10,1,1,2249,0
42,2,0,0,3,1,0,10,1,1,6963,0
36,1,0,0,7,2,0,11,1,1,4003,0
130,6,3,4,30,16,1,29,2,0,6,1
29,1,0,0,3,2,0,9,0,1,3821,0
29,1,0,0,6,1,0,11,0,1,3542,0
171,7,10,1,25,15,0,55,5,0,55,1
40,2,0,0,5,1,0,11,0,1,4588,0
146,3,6,3,35,16,1,72,5,0,9,1
42,1,0,0,6,1,0,10,0,1,6954,0
25,2,0,0,7,3,0,10,0,1,2395,0
128,5,4,3,34,18,0,60,4,1,28,1
198,6,11,3,35,17,0,27,5,0,45,1
61,5,7,4,18,13,0,71,3,1,6,1
143,3,5,1,21,5,0,53,3,0,28,1
94,7,5,4,18,17,0,75,5,0,2,1
111,3,5,2,36,24,1,49,3,0,56,1
73,5,4,2,26,19,1,49,5,1,55,1
120,6,11,4,16,23,0,34,4,1,21,1
40,1,0,0,3,2,0,10,0,1,4341,0
150,3,10,2,36,5,0,49,5,0,2,1
41,2,0,0,3,0,0,11,1,1,1850,0
155,4,9,1,21,23,1,32,3,1,12,1
36,1,0,0,7,3,0,12,0,1,4455,0
27,1,0,0,4,3,0,11,0,1,7262,0
43,1,0,0,5,2,0,12,1,1,3809,0
38,1,0,0,6,0,0,10,0,1,2033,0
38,2,0,0,5,0,0,10,1,1,3375,0
88,4,5,4,19,13,0,78,5,0,12,1
26,1,0,0,4,0,0,13,0,1,4751,0
153,6,8,1,39,18,0,78,2,1,17,1
194,7,10,4,37,22,0,42,2,0,15,1
162,6,4,2,34,21,0,78,5,0,4,1
116,7,7,4,18,19,0,45,5,0,42,1
127,6,10,2,37,10,0,53,4,0,27,1
158,7,10,2,23,17,0,48,2,0,3,1
173,5,8,3,17,16,0,34,2,1,34,1
108,3,4,2,26,18,0,44,3,1,59,1
41,1,0,0,7,1,0,9,1,1,6769,0
121,5,3,3,31,14,0,52,3,0,58,1
111,5,11,2,16,18,1,33,5,0,35,1
125,5,8,2,34,5,0,49,3,0,53,1
160,6,11,1,31,6,0,72,4,0,57,1
165,4,7,2,36,8,0,61,4,1,17,1
192,3,8,4,37,16,0,61,3,1,19,1
198,7,5,4,38,13,0,62,2,1,33,1
101,6,6,4,20,8,0,68,4,0,36,1
23,2,0,0,6,3,0,8,1,1,1516,0
188,3,10,3,34,9,0,41,2,0,10,1
69,7,4,3,33,10,0,77,5,1,13,1
95,4,10,4,23,18,0,26,2,0,36,1
192,6,8,3,29,5,1,54,5,0,2,1
30,1,0,0,5,1,0,11,0,1,5778,0
28,1,0,0,4,3,0,11,0,1,6099,0
106,4,8,1,23,11,0,79,3,1,54,1
126,3,10,4,31,12,0,65,5,0,50,1
28,2,0,0,7,3,0,10,0,1,1009,0
61,7,11,3,30,14,0,33,3,0,47,1
178,3,7,2,20,18,0,63,4,1,27,1
25,1,0,0,7,2,0,10,1,1,2421,0
41,2,0,0,7,1,0,11,1,1,4597,0
41,1,0,0,6,3,0,12,0,1,1994,0
73,6,11,4,22,12,0,40,4,0,59,1
181,5,11,4,39,15,1,25,4,0,41,1
68,7,9,2,18,12,1,43,5,1,48,1
80,4,5,4,29,9,0,36,3,1,36,1
83,7,4,1,19,23,0,78,3,0,55,1
164,7,7,1,16,23,0,32,3,1,26,1
171,7,4,2,30,19,0,62,2,0,41,1
128,3,10,2,22,14,1,37,3,0,50,1
181,4,9,1,37,14,0,62,4,0,30,1
127,4,9,2,30,20,1,47,5,0,24,1
131,5,9,3,38,24,1,62,4,0,1,1
103,7,7,3,17,8,0,75,4,0,49,1
175,7,6,1,17,12,0,71,4,1,24,1
113,7,7,3,29,20,1,75,5,1,40,1
88,3,10,4,30,16,0,43,3,1,12,1
41,1,0,0,3,2,0,11,1,1,3474,0
26,2,0,0,7,3,0,10,1,1,4438,0
153,3,9,1,19,9,1,40,4,0,39,1
88,5,11,4,37,5,0,37,2,1,9,1
37,1,0,0,5,3,0,10,0,1,7007,0
32,1,0,0,5,2,0,8,1,1,6606,0
27,1,0,0,5,2,0,11,1,1,5950,0
186,7,5,4,15,15,0,64,5,1,7,1
60,4,5,4,22,10,0,74,3,1,23,1
146,3,11,1,20,7,0,28,5,1,53,1
103,3,8,1,26,23,0,57,2,1,5,1
42,2,0,0,5,0,0,10,1,1,1993,0
158,3,11,2,39,17,0,76,5,1,25,1
33,1,0,0,4,0,0,11,0,1,6678,0
177,6,3,1,34,6,1,74,2,1,42,1
153,5,5,3,29,8,0,66,3,0,37,1
36,2,0,0,6,2,0,12,0,1,5820,0
198,7,11,3,27,23,0,43,3,1,3,1
126,3,10,4,17,17,0,27,4,1,28,1
26,2,0,0,3,2,0,10,1,1,6651,0
157,4,10,2,21,5,0,76,4,1,48,1
37,2,0,0,6,1,0,12,1,1,3851,0
168,5,11,1,16,5,0,62,4,0,28,1
34,2,0,0,3,3,0,10,0,1,1060,0
60,7,7,2,23,21,1,55,4,0,21,1
37,1,0,0,4,3,0,9,0,1,3791,0
27,2,0,0,6,2,0,13,0,1,1366,0
125,3,5,1,29,19,0,60,5,0,24,1
62,3,7,2,24,14,0,27,2,1,36,1
100,6,7,1,22,14,1,70,3,0,15,1
29,2,0,0,3,3,0,11,0,1,1676,0
173,4,4,3,19,20,1,39,5,1,57,1
135,4,4,1,19,16,0,61,4,1,23,1
29,1,0,0,4,0,0,13,0,1,5862,0
43,1,0,0,7,3,0,13,1,1,829,0
30,1,0,0,3,3,0,11,0,1,4500,0
48,1,0,0,5,1,0,17,0,1,4416,0
23,2,0,0,4,1,0,10,1,1,2644,0
41,1,0,0,5,1,0,10,1,1,7203,0
166,6,6,2,21,8,0,70,3,0,23,1
178,7,9,1,34,10,0,77,3,0,37,1
107,6,10,2,24,13,0,37,4,0,47,1
73,4,7,3,23,12,0,35,3,0,14,1
36,1,0,0,3,3,0,11,0,1,4572,0
152,3,11,2,31,19,0,65,5,0,45,1
40,1,0,0,6,2,0,13,0,1,1437,0
138,7,9,4,19,6,1,69,4,0,31,1
30,2,0,0,5,2,0,13,0,1,1634,0
98,4,7,2,37,20,0,50,4,0,27,1
40,2,0,0,5,0,0,10,1,1,2285,0
29,1,0,0,7,2,0,10,1,1,6528,0
31,1,0,0,3,2,0,11,0,1,6895,0
41,1,0,0,3,2,0,9,1,1,5185,0
86,3,9,2,31,15,1,60,2,1,27,1
193,7,4,3,24,15,0,45,5,0,20,1
26,1,0,0,6,1,0,11,1,1,1978,0
41,2,0,0,6,0,0,10,0,1,4639,0
129,7,4,2,32,6,0,61,5,1,47,1
167,4,3,4,21,13,1,79,4,1,5,1
35,2,0,0,7,3,0,11,0,1,6163,0
39,1,0,0,7,2,0,11,1,1,3692,0
27,1,0,0,6,3,0,12,0,1,1169,0
38,1,0,0,4,3,0,11,0,1,2490,0
101,4,6,1,31,19,0,60,4,1,38,1
40,2,0,0,3,3,0,11,1,1,4088,0
169,5,10,3,33,16,0,74,2,0,20,1
39,2,0,0,3,3,0,12,0,1,1285,0
128,7,10,2,36,19,0,47,5,0,0,1
118,5,7,3,16,12,1,79,3,1,32,1
39,1,0,0,7,3,0,13,0,1,2895,0
34,1,0,0,6,0,0,12,1,1,6455,0
36,1,0,0,7,0,0,13,1,1,879,0
160,7,4,4,16,17,0,38,3,0,46,1
29,1,0,0,7,0,0,12,1,1,606,0
26,1,0,0,7,0,0,10,1,1,4341,0
106,7,8,1,28,6,0,68,5,0,23,1
165,7,9,3,27,12,0,48,4,0,29,1
163,4,11,1,35,13,0,79,4,0,51,1
114,4,5,2,39,9,0,44,3,0,53,1
36,1,0,0,7,1,0,11,0,1,1189,0
108,5,8,1,26,19,1,52,3,1,29,1
150,5,9,2,17,8,1,77,2,0,28,1
40,1,0,0,6,3,0,9,1,1,5597,0
84,4,11,3,38,21,1,66,4,1,40,1
44,1,0,0,5,3,0,13,1,1,6435,0
168,3,6,2,18,20,0,33,2,0,51,1
34,1,0,0,7,0,0,13,0,1,2933,0
172,6,10,3,19,8,0,77,5,0,3,1
153,4,9,2,29,10,0,52,3,1,31,1
48,1,0,0,6,1,0,17,1,1,1298,0
35,1,0,0,7,0,0,17,1,1,3329,0
27,1,0,0,7,1,0,8,0,1,2847,0
34,2,0,0,5,2,0,11,1,1,5169,0
38,2,0,0,3,0,0,17,0,1,425,0
21,1,0,0,4,0,0,8,0,1,2518,0
160,4,6,4,28,18,1,59,3,1,46,1
34,2,0,0,3,2,0,11,1,1,4943,0
41,1,0,0,6,0,0,10,0,1,4930,0
187,7,8,3,30,15,0,79,3,1,9,1
41,2,0,0,3,1,0,11,0,1,5098,0
103,4,5,3,21,16,0,63,3,1,53,1
34,2,0,0,4,2,0,10,1,1,5009,0
117,4,10,4,35,12,1,37,2,0,46,1
172,5,8,3,39,7,0,53,3,1,28,1
72,6,6,1,30,6,0,61,2,0,41,1
97,3,8,1,21,6,0,61,2,0,45,1
61,6,5,4,37,22,0,53,4,0,46,1
35,1,0,0,3,0,0,12,1,1,5426,0
184,3,11,2,26,24,0,36,2,0,18,1
24,2,0,0,5,2,0,11,1,1,4156,0
122,5,7,2,20,7,1,48,5,0,50,1
38,2,0,0,7,3,0,12,0,1,6905,0
32,2,0,0,6,2,0,13,1,1,1735,0
32,2,0,0,7,3,0,11,0,1,5984,0
32,2,0,0,5,0,0,12,1,1,6349,0
90,3,9,4,23,21,0,25,3,0,26,1
37,1,0,0,3,2,0,8,0,1,7049,0
44,2,0,0,5,3,0,13,0,1,2033,0
31,1,0,0,4,0,0,11,0,1,2921,0
111,4,8,1,31,19,0,38,2,0,7,1
88,5,10,3,32,19,0,69,5,1,4,1
183,4,5,2,24,15,1,30,5,1,53,1
99,3,7,1,37,24,0,58,3,0,59,1
29,2,0,0,5,0,0,10,1,1,389,0
161,3,7,3,30,19,0,39,2,1,54,1
102,3,3,1,28,24,0,63,3,0,33,1
74,6,7,3,33,24,0,50,3,0,48,1
134,5,8,2,34,6,0,50,5,0,22,1
145,4,8,2,29,10,0,79,2,0,35,1
173,7,8,4,35,20,1,68,5,1,13,1
124,4,11,3,22,11,0,58,4,1,34,1
38,2,0,0,7,2,0,13,1,1,2540,0
26,2,0,0,7,3,0,8,1,1,562,0
38,2,0,0,7,0,0,13,1,1,6318,0
36,1,0,0,7,3,0,10,1,1,6173,0
197,7,6,4,35,16,0,37,2,1,27,1
110,6,3,3,21,7,0,33,3,0,49,1
94,4,3,3,39,5,0,42,3,0,49,1
122,3,7,4,25,5,0,25,3,0,38,1
33,2,0,0,6,0,0,10,1,1,1318,0
128,4,10,2,20,8,1,54,5,0,34,1
36,2,0,0,7,2,0,8,0,1,2541,0
26,1,0,0,4,3,0,11,1,1,4573,0
84,4,9,3,27,11,1,54,3,0,12,1
36,2,0,0,6,3,0,13,0,1,3586,0
33,2,0,0,7,2,0,13,1,1,1249,0
35,2,0,0,7,3,0,10,1,1,6725,0
22,1,0,0,5,1,0,9,1,1,4950,0
24,2,0,0,6,3,0,11,0,1,2877,0
43,2,0,0,6,1,0,11,0,1,1873,0
86,5,10,4,19,6,1,41,4,0,36,1
28,1,0,0,3,0,0,12,0,1,1315,0
30,2,0,0,4,0,0,10,1,1,1373,0
30,1,0,0,3,2,0,11,0,1,6342,0
28,2,0,0,3,0,0,13,0,1,3617,0
69,6,10,1,20,7,0,53,4,0,10,1
77,5,4,3,22,18,0,71,3,0,14,1
190,6,4,3,23,22,1,73,4,0,26,1
80,3,11,2,33,11,0,44,5,0,30,1
25,2,0,0,7,2,0,10,1,1,3719,0
79,7,6,3,30,7,0,48,3,0,23,1
148,4,10,4,36,7,0,47,5,1,13,1
138,7,8,2,34,5,0,48,3,0,14,1
34,1,0,0,4,1,0,11,1,1,4586,0
110,5,7,2,35,20,0,57,3,0,29,1
34,1,0,0,3,2,0,13,1,1,5543,0
25,1,0,0,4,1,0,12,0,1,5574,0
40,1,0,0,5,2,0,10,1,1,4654,0
62,4,6,4,36,5,1,64,3,1,15,1
36,2,0,0,3,0,0,13,1,1,6520,0
33,2,0,0,4,1,0,10,1,1,1891,0
79,6,11,1,33,24,0,78,3,1,40,1
190,5,3,1,27,18,0,26,4,0,30,1
24,2,0,0,7,0,0,11,0,1,1068,0
70,4,4,1,18,12,0,68,3,0,29,1
24,1,0,0,6,0,0,9,1,1,5390,0
61,5,3,2,36,17,0,76,2,0,4,1
37,2,0,0,5,0,0,10,0,1,2303,0
30,2,0,0,5,0,0,10,1,1,1319,0
34,1,0,0,4,3,0,9,0,1,6732,0
38,1,0,0,3,3,0,13,0,1,4556,0
89,3,9,4,27,18,1,53,5,0,51,1
28,2,0,0,5,2,0,13,0,1,5420,0
146,7,3,2,15,9,1,31,5,1,44,1
41,1,0,0,6,3,0,11,0,1,1972,0
29,1,0,0,6,1,0,10,1,1,1666,0
67,6,5,1,36,12,1,65,3,0,11,1
31,2,0,0,5,2,0,10,1,1,764,0
30,1,0,0,6,0,0,11,0,1,3051,0
114,3,7,2,35,24,0,71,2,0,18,1
88,5,8,3,20,12,0,47,4,0,36,1
30,1,0,0,4,3,0,8,1,1,5568,0
40,1,0,0,4,3,0,10,0,1,1463,0
138,7,4,4,27,10,0,57,5,1,51,1
166,3,11,4,22,7,0,70,4,1,52,1
24,1,0,0,3,3,0,11,1,1,3482,0
124,6,3,4,37,11,1,29,5,0,52,1
33,1,0,0,5,1,0,10,0,1,5877,0
82,5,7,3,38,20,1,58,4,0,28,1
110,5,10,4,15,6,1,69,3,1,50,1
36,2,0,0,6,2,0,17,1,1,5851,0
166,3,9,4,23,15,1,72,4,0,34,1
39,1,0,0,6,1,0,12,0,1,2555,0
140,6,8,3,25,13,0,30,4,0,23,1
31,2,0,0,7,0,0,10,1,1,7075,0
42,2,0,0,5,2,0,12,0,1,2382,0
154,7,4,2,34,11,0,33,3,0,27,1
127,4,3,4,22,19,0,64,5,0,33,1
141,7,4,4,18,19,0,75,2,0,22,1
88,7,3,1,39,21,0,67,2,0,28,1
193,4,8,1,38,19,0,75,5,0,5,1
174,4,6,2,33,12,0,47,2,0,2,1
37,1,0,0,6,3,0,10,0,1,6204,0
78,6,6,2,29,9,0,70,5,1,10,1
143,3,6,3,32,13,1,51,2,0,28,1
